#
# There is insufficient memory for the Java Runtime Environment to continue.
# Native memory allocation (mmap) failed to map 4194304 bytes. Error detail: G1 virtual space
# Possible reasons:
#   The system is out of physical RAM or swap space
#   This process is running with CompressedOops enabled, and the Java Heap may be blocking the growth of the native heap
# Possible solutions:
#   Reduce memory load on the system
#   Increase physical memory or swap space
#   Check if swap backing store is full
#   Decrease Java heap size (-Xmx/-Xms)
#   Decrease number of Java threads
#   Decrease Java thread stack sizes (-Xss)
#   Set larger code cache with -XX:ReservedCodeCacheSize=
#   JVM is running with Zero Based Compressed Oops mode in which the Java heap is
#     placed in the first 32GB address space. The Java Heap base address is the
#     maximum limit for the native heap growth. Please use -XX:HeapBaseMinAddress
#     to set the Java Heap base and to place the Java Heap above 32GB virtual address.
# This output file may be truncated or incomplete.
#
#  Out of Memory Error (os_windows.cpp:3925), pid=28104, tid=7772
#
# JRE version: OpenJDK Runtime Environment (21.0.8) (build 21.0.8+-14018985-b1038.68)
# Java VM: OpenJDK 64-Bit Server VM (21.0.8+-14018985-b1038.68, mixed mode, tiered, compressed oops, compressed class ptrs, g1 gc, windows-amd64)
# No core dump will be written. Minidumps are not enabled by default on client versions of Windows
#

---------------  S U M M A R Y ------------

Command Line: -XX:MaxMetaspaceSize=4G -XX:ReservedCodeCacheSize=512m -XX:+HeapDumpOnOutOfMemoryError --add-opens=java.base/java.util=ALL-UNNAMED --add-opens=java.base/java.lang=ALL-UNNAMED --add-opens=java.base/java.lang.invoke=ALL-UNNAMED --add-opens=java.prefs/java.util.prefs=ALL-UNNAMED --add-exports=jdk.compiler/com.sun.tools.javac.api=ALL-UNNAMED --add-exports=jdk.compiler/com.sun.tools.javac.util=ALL-UNNAMED --add-opens=java.base/java.nio.charset=ALL-UNNAMED --add-opens=java.base/java.net=ALL-UNNAMED --add-opens=java.base/java.util.concurrent.atomic=ALL-UNNAMED -Xmx8G -Dfile.encoding=UTF-8 -Duser.country=ZA -Duser.language=en -Duser.variant -javaagent:C:\Users\Sange\.gradle\wrapper\dists\gradle-8.9-all\6m0mbzute7p0zdleavqlib88a\gradle-8.9\lib\agents\gradle-instrumentation-agent-8.9.jar org.gradle.launcher.daemon.bootstrap.GradleDaemon 8.9

Host: 11th Gen Intel(R) Core(TM) i3-1115G4 @ 3.00GHz, 4 cores, 7G,  Windows 11 , 64 bit Build 26100 (10.0.26100.5074)
Time: Wed Oct 22 00:55:08 2025 South Africa Standard Time elapsed time: 90.124815 seconds (0d 0h 1m 30s)

---------------  T H R E A D  ---------------

Current thread (0x0000016408207150):  JavaThread "Unconstrained build operations Thread 39"        [_thread_in_vm, id=7772, stack(0x000000472c600000,0x000000472c700000) (1024K)]

Stack: [0x000000472c600000,0x000000472c700000]
Native frames: (J=compiled Java code, j=interpreted, Vv=VM code, C=native code)
V  [jvm.dll+0x6d68d9]
V  [jvm.dll+0x866693]
V  [jvm.dll+0x868c4e]
V  [jvm.dll+0x869333]
V  [jvm.dll+0x280566]
V  [jvm.dll+0x6d3195]
V  [jvm.dll+0x6c69ea]
V  [jvm.dll+0x3586db]
V  [jvm.dll+0x360336]
V  [jvm.dll+0x3b20fb]
V  [jvm.dll+0x3b27b4]
V  [jvm.dll+0x3b2306]
V  [jvm.dll+0x32b2a4]
V  [jvm.dll+0x32943f]
V  [jvm.dll+0x668220]
V  [jvm.dll+0x240372]
V  [jvm.dll+0x82ac67]
V  [jvm.dll+0x7331a9]
C  0x000001645c2305a9

The last pc belongs to _new_array_nozero_Java (printed below).
Java frames: (J=compiled Java code, j=interpreted, Vv=VM code)
v  ~RuntimeStub::_new_array_nozero_Java 0x000001645c2305a9
J 16664 c2 java.io.ByteArrayOutputStream.toByteArray()[B java.base@21.0.8 (12 bytes) @ 0x000001645ceb242c [0x000001645ceb2040+0x00000000000003ec]
j  kotlin.io.ByteStreamsKt.readBytes(Ljava/io/InputStream;)[B+37
j  com.android.tools.build.jetifier.processor.archive.Archive$Builder.extractFile(Ljava/util/zip/ZipInputStream;Ljava/nio/file/Path;Ljava/nio/file/attribute/FileTime;)Lcom/android/tools/build/jetifier/processor/archive/ArchiveFile;+22
j  com.android.tools.build.jetifier.processor.archive.Archive$Builder.extractArchive(Ljava/io/InputStream;Ljava/nio/file/Path;ZLjava/nio/file/attribute/FileTime;)Lcom/android/tools/build/jetifier/processor/archive/Archive;+144
j  com.android.tools.build.jetifier.processor.archive.Archive$Builder.extract(Ljava/io/File;Z)Lcom/android/tools/build/jetifier/processor/archive/Archive;+94
j  com.android.tools.build.jetifier.processor.archive.Archive$Builder.extract$default(Lcom/android/tools/build/jetifier/processor/archive/Archive$Builder;Ljava/io/File;ZILjava/lang/Object;)Lcom/android/tools/build/jetifier/processor/archive/Archive;+11
j  com.android.tools.build.jetifier.processor.Processor.loadLibraries(Ljava/lang/Iterable;)Ljava/util/Set;+98
j  com.android.tools.build.jetifier.processor.Processor.transform2(Ljava/util/Set;ZZ)Lcom/android/tools/build/jetifier/processor/TransformationResult;+372
j  com.android.build.gradle.internal.dependency.JetifyTransform.transform(Lorg/gradle/api/artifacts/transform/TransformOutputs;)V+368
j  org.gradle.api.internal.artifacts.transform.DefaultTransform.transform(Lorg/gradle/api/provider/Provider;Ljava/io/File;Lorg/gradle/api/internal/artifacts/transform/TransformDependencies;Lorg/gradle/work/InputChanges;)Lorg/gradle/api/internal/artifacts/transform/TransformExecutionResult;+42
j  org.gradle.api.internal.artifacts.transform.AbstractTransformExecution$2.call(Lorg/gradle/internal/operations/BuildOperationContext;)Lorg/gradle/api/internal/artifacts/transform/TransformExecutionResult;+53
j  org.gradle.api.internal.artifacts.transform.AbstractTransformExecution$2.call(Lorg/gradle/internal/operations/BuildOperationContext;)Ljava/lang/Object;+2
J 13424 c2 org.gradle.internal.operations.DefaultBuildOperationRunner$CallableBuildOperationWorker.execute(Lorg/gradle/internal/operations/BuildOperation;Lorg/gradle/internal/operations/BuildOperationContext;)V (10 bytes) @ 0x000001645ced059c [0x000001645ced0520+0x000000000000007c]
J 16269 c2 org.gradle.internal.operations.DefaultBuildOperationRunner$2.execute(Lorg/gradle/internal/operations/BuildOperationDescriptor;Lorg/gradle/internal/operations/BuildOperationState;Lorg/gradle/internal/operations/BuildOperationState;Lorg/gradle/internal/operations/DefaultBuildOperationRunner$ReadableBuildOperationContext;Lorg/gradle/internal/operations/DefaultBuildOperationRunner$BuildOperationExecutionListener;)Ljava/lang/Object; (12 bytes) @ 0x000001645d13d4c4 [0x000001645d13d400+0x00000000000000c4]
J 16822 c2 org.gradle.internal.operations.DefaultBuildOperationRunner.execute(Lorg/gradle/internal/operations/BuildOperationDescriptor$Builder;Lorg/gradle/internal/operations/BuildOperationState;Lorg/gradle/internal/operations/DefaultBuildOperationRunner$BuildOperationExecution;)Ljava/lang/Object; (147 bytes) @ 0x000001645d164d8c [0x000001645d164580+0x000000000000080c]
J 15923 c1 org.gradle.internal.operations.DefaultBuildOperationRunner.execute(Lorg/gradle/internal/operations/BuildOperation;Lorg/gradle/internal/operations/BuildOperationWorker;Lorg/gradle/internal/operations/BuildOperationState;)V (23 bytes) @ 0x000001644dd5f374 [0x000001644dd5f1e0+0x0000000000000194]
J 13419 c2 org.gradle.internal.operations.DefaultBuildOperationRunner.call(Lorg/gradle/internal/operations/CallableBuildOperation;)Ljava/lang/Object; (24 bytes) @ 0x000001645cece6a4 [0x000001645cece560+0x0000000000000144]
j  org.gradle.api.internal.artifacts.transform.AbstractTransformExecution.executeWithinTransformerListener(Lorg/gradle/internal/execution/UnitOfWork$ExecutionRequest;)Lorg/gradle/internal/execution/UnitOfWork$WorkOutput;+13
j  org.gradle.api.internal.artifacts.transform.AbstractTransformExecution.execute(Lorg/gradle/internal/execution/UnitOfWork$ExecutionRequest;)Lorg/gradle/internal/execution/UnitOfWork$WorkOutput;+19
j  org.gradle.internal.execution.steps.ExecuteStep.executeInternal(Lorg/gradle/internal/execution/UnitOfWork;Lorg/gradle/internal/execution/steps/InputChangesContext;)Lorg/gradle/internal/execution/steps/Result;+16
j  org.gradle.internal.execution.steps.ExecuteStep.access$000(Lorg/gradle/internal/execution/UnitOfWork;Lorg/gradle/internal/execution/steps/InputChangesContext;)Lorg/gradle/internal/execution/steps/Result;+2
j  org.gradle.internal.execution.steps.ExecuteStep$1.call(Lorg/gradle/internal/operations/BuildOperationContext;)Lorg/gradle/internal/execution/steps/Result;+8
j  org.gradle.internal.execution.steps.ExecuteStep$1.call(Lorg/gradle/internal/operations/BuildOperationContext;)Ljava/lang/Object;+2
J 13424 c2 org.gradle.internal.operations.DefaultBuildOperationRunner$CallableBuildOperationWorker.execute(Lorg/gradle/internal/operations/BuildOperation;Lorg/gradle/internal/operations/BuildOperationContext;)V (10 bytes) @ 0x000001645ced059c [0x000001645ced0520+0x000000000000007c]
J 16269 c2 org.gradle.internal.operations.DefaultBuildOperationRunner$2.execute(Lorg/gradle/internal/operations/BuildOperationDescriptor;Lorg/gradle/internal/operations/BuildOperationState;Lorg/gradle/internal/operations/BuildOperationState;Lorg/gradle/internal/operations/DefaultBuildOperationRunner$ReadableBuildOperationContext;Lorg/gradle/internal/operations/DefaultBuildOperationRunner$BuildOperationExecutionListener;)Ljava/lang/Object; (12 bytes) @ 0x000001645d13d4c4 [0x000001645d13d400+0x00000000000000c4]
J 16822 c2 org.gradle.internal.operations.DefaultBuildOperationRunner.execute(Lorg/gradle/internal/operations/BuildOperationDescriptor$Builder;Lorg/gradle/internal/operations/BuildOperationState;Lorg/gradle/internal/operations/DefaultBuildOperationRunner$BuildOperationExecution;)Ljava/lang/Object; (147 bytes) @ 0x000001645d164d8c [0x000001645d164580+0x000000000000080c]
J 15923 c1 org.gradle.internal.operations.DefaultBuildOperationRunner.execute(Lorg/gradle/internal/operations/BuildOperation;Lorg/gradle/internal/operations/BuildOperationWorker;Lorg/gradle/internal/operations/BuildOperationState;)V (23 bytes) @ 0x000001644dd5f374 [0x000001644dd5f1e0+0x0000000000000194]
J 13419 c2 org.gradle.internal.operations.DefaultBuildOperationRunner.call(Lorg/gradle/internal/operations/CallableBuildOperation;)Ljava/lang/Object; (24 bytes) @ 0x000001645cece6a4 [0x000001645cece560+0x0000000000000144]
j  org.gradle.internal.execution.steps.ExecuteStep.execute(Lorg/gradle/internal/execution/UnitOfWork;Lorg/gradle/internal/execution/steps/ChangingOutputsContext;)Lorg/gradle/internal/execution/steps/Result;+28
j  org.gradle.internal.execution.steps.ExecuteStep.execute(Lorg/gradle/internal/execution/UnitOfWork;Lorg/gradle/internal/execution/steps/Context;)Lorg/gradle/internal/execution/steps/Result;+6
j  org.gradle.internal.execution.steps.CancelExecutionStep.execute(Lorg/gradle/internal/execution/UnitOfWork;Lorg/gradle/internal/execution/steps/Context;)Lorg/gradle/internal/execution/steps/Result;+35
j  org.gradle.internal.execution.steps.TimeoutStep.executeWithoutTimeout(Lorg/gradle/internal/execution/UnitOfWork;Lorg/gradle/internal/execution/steps/Context;)Lorg/gradle/internal/execution/steps/Result;+6
j  org.gradle.internal.execution.steps.TimeoutStep.execute(Lorg/gradle/internal/execution/UnitOfWork;Lorg/gradle/internal/execution/steps/Context;)Lorg/gradle/internal/execution/steps/Result;+92
j  org.gradle.internal.execution.steps.PreCreateOutputParentsStep.execute(Lorg/gradle/internal/execution/UnitOfWork;Lorg/gradle/internal/execution/steps/ChangingOutputsContext;)Lorg/gradle/internal/execution/steps/Result;+24
j  org.gradle.internal.execution.steps.PreCreateOutputParentsStep.execute(Lorg/gradle/internal/execution/UnitOfWork;Lorg/gradle/internal/execution/steps/Context;)Lorg/gradle/internal/execution/steps/Result;+6
j  org.gradle.internal.execution.steps.BroadcastChangingOutputsStep.execute(Lorg/gradle/internal/execution/UnitOfWork;Lorg/gradle/internal/execution/steps/InputChangesContext;)Lorg/gradle/internal/execution/steps/Result;+53
j  org.gradle.internal.execution.steps.BroadcastChangingOutputsStep.execute(Lorg/gradle/internal/execution/UnitOfWork;Lorg/gradle/internal/execution/steps/Context;)Lorg/gradle/internal/execution/steps/Result;+6
j  org.gradle.internal.execution.steps.NoInputChangesStep.execute(Lorg/gradle/internal/execution/UnitOfWork;Lorg/gradle/internal/execution/steps/ValidationFinishedContext;)Lorg/gradle/internal/execution/steps/Result;+23
j  org.gradle.internal.execution.steps.NoInputChangesStep.execute(Lorg/gradle/internal/execution/UnitOfWork;Lorg/gradle/internal/execution/steps/Context;)Lorg/gradle/internal/execution/steps/Result;+6
j  org.gradle.internal.execution.steps.CaptureOutputsAfterExecutionStep.execute(Lorg/gradle/internal/execution/UnitOfWork;Lorg/gradle/internal/execution/steps/WorkspaceContext;)Lorg/gradle/internal/execution/steps/AfterExecutionResult;+6
j  org.gradle.internal.execution.steps.CaptureOutputsAfterExecutionStep.execute(Lorg/gradle/internal/execution/UnitOfWork;Lorg/gradle/internal/execution/steps/Context;)Lorg/gradle/internal/execution/steps/Result;+6
j  org.gradle.internal.execution.steps.BuildCacheStep.executeWithoutCache(Lorg/gradle/internal/execution/UnitOfWork;Lorg/gradle/internal/execution/steps/WorkspaceContext;)Lorg/gradle/internal/execution/steps/AfterExecutionResult;+6
j  org.gradle.internal.execution.steps.BuildCacheStep.lambda$execute$1(Lorg/gradle/internal/execution/UnitOfWork;Lorg/gradle/internal/execution/steps/WorkspaceContext;Lorg/gradle/internal/execution/caching/CachingState$Disabled;)Lorg/gradle/internal/execution/steps/AfterExecutionResult;+3
j  org.gradle.internal.execution.steps.BuildCacheStep$$Lambda+0x0000000800c79fb8.apply(Ljava/lang/Object;)Ljava/lang/Object;+16
j  org.gradle.internal.Either$Right.fold(Ljava/util/function/Function;Ljava/util/function/Function;)Ljava/lang/Object;+5
j  org.gradle.internal.execution.caching.CachingState.fold(Ljava/util/function/Function;Ljava/util/function/Function;)Ljava/lang/Object;+6
j  org.gradle.internal.execution.steps.BuildCacheStep.execute(Lorg/gradle/internal/execution/UnitOfWork;Lorg/gradle/internal/execution/steps/WorkspaceContext;)Lorg/gradle/internal/execution/steps/AfterExecutionResult;+25
j  org.gradle.internal.execution.steps.BuildCacheStep.execute(Lorg/gradle/internal/execution/UnitOfWork;Lorg/gradle/internal/execution/steps/Context;)Lorg/gradle/internal/execution/steps/Result;+6
j  org.gradle.internal.execution.steps.NeverUpToDateStep.execute(Lorg/gradle/internal/execution/UnitOfWork;Lorg/gradle/internal/execution/steps/NonIncrementalCachingContext;)Lorg/gradle/internal/execution/steps/UpToDateResult;+6
j  org.gradle.internal.execution.steps.NeverUpToDateStep.execute(Lorg/gradle/internal/execution/UnitOfWork;Lorg/gradle/internal/execution/steps/Context;)Lorg/gradle/internal/execution/steps/Result;+6
j  org.gradle.internal.execution.steps.legacy.MarkSnapshottingInputsFinishedStep.execute(Lorg/gradle/internal/execution/UnitOfWork;Lorg/gradle/internal/execution/steps/CachingContext;)Lorg/gradle/internal/execution/steps/Result;+18
j  org.gradle.internal.execution.steps.legacy.MarkSnapshottingInputsFinishedStep.execute(Lorg/gradle/internal/execution/UnitOfWork;Lorg/gradle/internal/execution/steps/Context;)Lorg/gradle/internal/execution/steps/Result;+6
j  org.gradle.internal.execution.steps.ResolveNonIncrementalCachingStateStep.executeDelegate(Lorg/gradle/internal/execution/UnitOfWork;Lorg/gradle/internal/execution/steps/ValidationFinishedContext;Lorg/gradle/internal/execution/caching/CachingState;)Lorg/gradle/internal/execution/steps/UpToDateResult;+14
j  org.gradle.internal.execution.steps.AbstractResolveCachingStateStep.execute(Lorg/gradle/internal/execution/UnitOfWork;Lorg/gradle/internal/execution/steps/ValidationFinishedContext;)Lorg/gradle/internal/execution/steps/CachingResult;+51
j  org.gradle.internal.execution.steps.AbstractResolveCachingStateStep.execute(Lorg/gradle/internal/execution/UnitOfWork;Lorg/gradle/internal/execution/steps/Context;)Lorg/gradle/internal/execution/steps/Result;+6
j  org.gradle.internal.execution.steps.ValidateStep.execute(Lorg/gradle/internal/execution/UnitOfWork;Lorg/gradle/internal/execution/steps/BeforeExecutionContext;)Lorg/gradle/internal/execution/steps/Result;+255
j  org.gradle.internal.execution.steps.ValidateStep.execute(Lorg/gradle/internal/execution/UnitOfWork;Lorg/gradle/internal/execution/steps/Context;)Lorg/gradle/internal/execution/steps/Result;+6
j  org.gradle.internal.execution.steps.AbstractCaptureStateBeforeExecutionStep.execute(Lorg/gradle/internal/execution/UnitOfWork;Lorg/gradle/internal/execution/steps/PreviousExecutionContext;)Lorg/gradle/internal/execution/steps/CachingResult;+32
j  org.gradle.internal.execution.steps.AbstractCaptureStateBeforeExecutionStep.execute(Lorg/gradle/internal/execution/UnitOfWork;Lorg/gradle/internal/execution/steps/Context;)Lorg/gradle/internal/execution/steps/Result;+6
j  org.gradle.internal.execution.steps.legacy.MarkSnapshottingInputsStartedStep.execute(Lorg/gradle/internal/execution/UnitOfWork;Lorg/gradle/internal/execution/steps/Context;)Lorg/gradle/internal/execution/steps/Result;+12
j  org.gradle.internal.execution.steps.AssignImmutableWorkspaceStep.lambda$executeInTemporaryWorkspace$3(Lorg/gradle/internal/execution/steps/IdentityContext;Lorg/gradle/internal/execution/UnitOfWork;Lorg/gradle/internal/execution/workspace/ImmutableWorkspaceProvider$ImmutableWorkspace;Ljava/io/File;)Lorg/gradle/internal/execution/steps/WorkspaceResult;+50
j  org.gradle.internal.execution.steps.AssignImmutableWorkspaceStep$$Lambda+0x000000080137d750.executeInTemporaryWorkspace(Ljava/io/File;)Ljava/lang/Object;+17
j  org.gradle.internal.execution.workspace.impl.CacheBasedImmutableWorkspaceProvider$1.withTemporaryWorkspace(Lorg/gradle/internal/execution/workspace/ImmutableWorkspaceProvider$ImmutableWorkspace$TemporaryWorkspaceAction;)Ljava/lang/Object;+47
j  org.gradle.internal.execution.steps.AssignImmutableWorkspaceStep.executeInTemporaryWorkspace(Lorg/gradle/internal/execution/UnitOfWork;Lorg/gradle/internal/execution/steps/IdentityContext;Lorg/gradle/internal/execution/workspace/ImmutableWorkspaceProvider$ImmutableWorkspace;)Lorg/gradle/internal/execution/steps/WorkspaceResult;+10
j  org.gradle.internal.execution.steps.AssignImmutableWorkspaceStep.lambda$execute$0(Lorg/gradle/internal/execution/UnitOfWork;Lorg/gradle/internal/execution/steps/IdentityContext;Lorg/gradle/internal/execution/workspace/ImmutableWorkspaceProvider$ImmutableWorkspace;)Lorg/gradle/internal/execution/steps/WorkspaceResult;+4
j  org.gradle.internal.execution.steps.AssignImmutableWorkspaceStep$$Lambda+0x00000008006d39d0.get()Ljava/lang/Object;+16
J 9895 c1 org.gradle.internal.execution.steps.AssignImmutableWorkspaceStep.execute(Lorg/gradle/internal/execution/UnitOfWork;Lorg/gradle/internal/execution/steps/IdentityContext;)Lorg/gradle/internal/execution/steps/WorkspaceResult; (55 bytes) @ 0x000001644d3c7f0c [0x000001644d3c74a0+0x0000000000000a6c]
J 9894 c1 org.gradle.internal.execution.steps.AssignImmutableWorkspaceStep.execute(Lorg/gradle/internal/execution/UnitOfWork;Lorg/gradle/internal/execution/steps/Context;)Lorg/gradle/internal/execution/steps/Result; (10 bytes) @ 0x000001644d3c703c [0x000001644d3c6ec0+0x000000000000017c]
J 10130 c1 org.gradle.internal.execution.steps.ChoosePipelineStep.execute(Lorg/gradle/internal/execution/UnitOfWork;Lorg/gradle/internal/execution/steps/IdentityContext;)Lorg/gradle/internal/execution/steps/Result; (71 bytes) @ 0x000001644d445b9c [0x000001644d4454a0+0x00000000000006fc]
J 10128 c1 org.gradle.internal.execution.steps.ChoosePipelineStep.execute(Lorg/gradle/internal/execution/UnitOfWork;Lorg/gradle/internal/execution/steps/Context;)Lorg/gradle/internal/execution/steps/Result; (10 bytes) @ 0x000001644d444abc [0x000001644d444940+0x000000000000017c]
J 10161 c1 org.gradle.internal.execution.steps.ExecuteWorkBuildOperationFiringStep.lambda$execute$0(Lorg/gradle/internal/execution/UnitOfWork;Lorg/gradle/internal/execution/steps/IdentityContext;Lorg/gradle/internal/operations/BuildOperationContext;)Lorg/gradle/internal/execution/steps/CachingResult; (78 bytes) @ 0x000001644d46129c [0x000001644d461180+0x000000000000011c]
J 9914 c1 org.gradle.internal.execution.steps.ExecuteWorkBuildOperationFiringStep$$Lambda+0x00000008009249f0.apply(Ljava/lang/Object;)Ljava/lang/Object; (20 bytes) @ 0x000001644d3d376c [0x000001644d3d35c0+0x00000000000001ac]
J 13435 c2 org.gradle.internal.execution.steps.BuildOperationStep$1.call(Lorg/gradle/internal/operations/BuildOperationContext;)Ljava/lang/Object; (11 bytes) @ 0x000001645ced96f4 [0x000001645ced96a0+0x0000000000000054]
J 13424 c2 org.gradle.internal.operations.DefaultBuildOperationRunner$CallableBuildOperationWorker.execute(Lorg/gradle/internal/operations/BuildOperation;Lorg/gradle/internal/operations/BuildOperationContext;)V (10 bytes) @ 0x000001645ced059c [0x000001645ced0520+0x000000000000007c]
J 16269 c2 org.gradle.internal.operations.DefaultBuildOperationRunner$2.execute(Lorg/gradle/internal/operations/BuildOperationDescriptor;Lorg/gradle/internal/operations/BuildOperationState;Lorg/gradle/internal/operations/BuildOperationState;Lorg/gradle/internal/operations/DefaultBuildOperationRunner$ReadableBuildOperationContext;Lorg/gradle/internal/operations/DefaultBuildOperationRunner$BuildOperationExecutionListener;)Ljava/lang/Object; (12 bytes) @ 0x000001645d13d4c4 [0x000001645d13d400+0x00000000000000c4]
J 16822 c2 org.gradle.internal.operations.DefaultBuildOperationRunner.execute(Lorg/gradle/internal/operations/BuildOperationDescriptor$Builder;Lorg/gradle/internal/operations/BuildOperationState;Lorg/gradle/internal/operations/DefaultBuildOperationRunner$BuildOperationExecution;)Ljava/lang/Object; (147 bytes) @ 0x000001645d164d8c [0x000001645d164580+0x000000000000080c]
J 15923 c1 org.gradle.internal.operations.DefaultBuildOperationRunner.execute(Lorg/gradle/internal/operations/BuildOperation;Lorg/gradle/internal/operations/BuildOperationWorker;Lorg/gradle/internal/operations/BuildOperationState;)V (23 bytes) @ 0x000001644dd5f374 [0x000001644dd5f1e0+0x0000000000000194]
J 13436 c2 org.gradle.internal.execution.steps.BuildOperationStep.operation(Ljava/util/function/Function;Lorg/gradle/internal/operations/BuildOperationDescriptor$Builder;)Ljava/lang/Object; (20 bytes) @ 0x000001645ced9bc8 [0x000001645ced9a00+0x00000000000001c8]
J 10167 c1 org.gradle.internal.execution.steps.ExecuteWorkBuildOperationFiringStep.lambda$execute$1(Lorg/gradle/internal/execution/UnitOfWork;Lorg/gradle/internal/execution/steps/IdentityContext;Ljava/lang/String;)Lorg/gradle/internal/execution/steps/CachingResult; (41 bytes) @ 0x000001644d46ba2c [0x000001644d46b020+0x0000000000000a0c]
J 9911 c1 org.gradle.internal.execution.steps.ExecuteWorkBuildOperationFiringStep$$Lambda+0x00000008006b6ec8.apply(Ljava/lang/Object;)Ljava/lang/Object; (20 bytes) @ 0x000001644d3d29d4 [0x000001644d3d2840+0x0000000000000194]
J 9827 c1 org.gradle.internal.execution.steps.ExecuteWorkBuildOperationFiringStep.execute(Lorg/gradle/internal/execution/UnitOfWork;Lorg/gradle/internal/execution/steps/Context;)Lorg/gradle/internal/execution/steps/Result; (10 bytes) @ 0x000001644d39fbc4 [0x000001644d39f2c0+0x0000000000000904]
J 10165 c1 org.gradle.internal.execution.steps.IdentityCacheStep.executeInCache(Lorg/gradle/internal/execution/UnitOfWork;Lorg/gradle/internal/execution/steps/IdentityContext;)Lorg/gradle/internal/execution/ExecutionEngine$IdentityCacheResult; (45 bytes) @ 0x000001644d4688b4 [0x000001644d468760+0x0000000000000154]
J 9909 c1 org.gradle.internal.execution.steps.IdentityCacheStep$$Lambda+0x0000000800924798.get()Ljava/lang/Object; (16 bytes) @ 0x000001644d3d1f9c [0x000001644d3d1ec0+0x00000000000000dc]
J 7004 c1 org.gradle.cache.Cache$$Lambda+0x0000000800207928.apply(Ljava/lang/Object;)Ljava/lang/Object; (9 bytes) @ 0x000001644c7bf70c [0x000001644c7bf5c0+0x000000000000014c]
J 16038 c2 java.util.concurrent.ConcurrentHashMap.computeIfAbsent(Ljava/lang/Object;Ljava/util/function/Function;)Ljava/lang/Object; java.base@21.0.8 (576 bytes) @ 0x000001645d11d67c [0x000001645d11cfe0+0x000000000000069c]
J 16009 c2 org.gradle.cache.Cache.get(Ljava/lang/Object;Ljava/util/function/Supplier;)Ljava/lang/Object; (14 bytes) @ 0x000001645d118ef8 [0x000001645d118e20+0x00000000000000d8]
J 10146 c1 org.gradle.internal.execution.steps.IdentityCacheStep.lambda$executeDeferred$1(Lorg/gradle/cache/Cache;Lorg/gradle/internal/execution/UnitOfWork$Identity;Lorg/gradle/internal/execution/UnitOfWork;Lorg/gradle/internal/execution/steps/IdentityContext;)Lorg/gradle/internal/Try; (41 bytes) @ 0x000001644d451414 [0x000001644d450f00+0x0000000000000514]
J 9883 c1 org.gradle.internal.execution.steps.IdentityCacheStep$$Lambda+0x000000080091bc70.get()Ljava/lang/Object; (24 bytes) @ 0x000001644d3c0f6c [0x000001644d3c0ec0+0x00000000000000ac]
J 10001 c1 org.gradle.internal.Deferrable$3.completeAndGet()Ljava/lang/Object; (46 bytes) @ 0x000001644d4096fc [0x000001644d409540+0x00000000000001bc]
J 6894 c1 org.gradle.internal.Deferrable$1.completeAndGet()Ljava/lang/Object; (18 bytes) @ 0x000001644d06f51c [0x000001644d06f400+0x000000000000011c]
J 6894 c1 org.gradle.internal.Deferrable$1.completeAndGet()Ljava/lang/Object; (18 bytes) @ 0x000001644d06f51c [0x000001644d06f400+0x000000000000011c]
J 10847 c1 org.gradle.internal.Deferrable$$Lambda+0x000000080092f9e8.get()Ljava/lang/Object; (14 bytes) @ 0x000001644cbb0fa4 [0x000001644cbb0d80+0x0000000000000224]
J 10001 c1 org.gradle.internal.Deferrable$3.completeAndGet()Ljava/lang/Object; (46 bytes) @ 0x000001644d4096fc [0x000001644d409540+0x00000000000001bc]
J 10847 c1 org.gradle.internal.Deferrable$$Lambda+0x000000080092f9e8.get()Ljava/lang/Object; (14 bytes) @ 0x000001644cbb0fa4 [0x000001644cbb0d80+0x0000000000000224]
J 10001 c1 org.gradle.internal.Deferrable$3.completeAndGet()Ljava/lang/Object; (46 bytes) @ 0x000001644d4096fc [0x000001644d409540+0x00000000000001bc]
J 9958 c1 org.gradle.api.internal.artifacts.transform.TransformingAsyncArtifactListener$TransformedArtifact.finalizeValue()Lorg/gradle/internal/Try; (168 bytes) @ 0x000001644d3f262c [0x000001644d3f1a00+0x0000000000000c2c]
J 10182 c1 org.gradle.api.internal.artifacts.transform.TransformingAsyncArtifactListener$TransformedArtifact.run(Lorg/gradle/internal/operations/BuildOperationContext;)V (6 bytes) @ 0x000001644d4729bc [0x000001644d472940+0x000000000000007c]
J 9725 c1 org.gradle.internal.operations.DefaultBuildOperationExecutor$$Lambda+0x0000000800910500.execute(Lorg/gradle/internal/operations/BuildOperation;Lorg/gradle/internal/operations/BuildOperationContext;)V (11 bytes) @ 0x000001644d375354 [0x000001644d375140+0x0000000000000214]
J 16269 c2 org.gradle.internal.operations.DefaultBuildOperationRunner$2.execute(Lorg/gradle/internal/operations/BuildOperationDescriptor;Lorg/gradle/internal/operations/BuildOperationState;Lorg/gradle/internal/operations/BuildOperationState;Lorg/gradle/internal/operations/DefaultBuildOperationRunner$ReadableBuildOperationContext;Lorg/gradle/internal/operations/DefaultBuildOperationRunner$BuildOperationExecutionListener;)Ljava/lang/Object; (12 bytes) @ 0x000001645d13d4c4 [0x000001645d13d400+0x00000000000000c4]
J 16822 c2 org.gradle.internal.operations.DefaultBuildOperationRunner.execute(Lorg/gradle/internal/operations/BuildOperationDescriptor$Builder;Lorg/gradle/internal/operations/BuildOperationState;Lorg/gradle/internal/operations/DefaultBuildOperationRunner$BuildOperationExecution;)Ljava/lang/Object; (147 bytes) @ 0x000001645d164d8c [0x000001645d164580+0x000000000000080c]
J 15923 c1 org.gradle.internal.operations.DefaultBuildOperationRunner.execute(Lorg/gradle/internal/operations/BuildOperation;Lorg/gradle/internal/operations/BuildOperationWorker;Lorg/gradle/internal/operations/BuildOperationState;)V (23 bytes) @ 0x000001644dd5f374 [0x000001644dd5f1e0+0x0000000000000194]
J 9723 c1 org.gradle.internal.operations.DefaultBuildOperationQueue$WorkerRunnable.runOperation(Lorg/gradle/internal/operations/BuildOperation;)V (26 bytes) @ 0x000001644d374534 [0x000001644d374380+0x00000000000001b4]
j  org.gradle.internal.operations.DefaultBuildOperationQueue$WorkerRunnable.doRunBatch(Lorg/gradle/internal/operations/BuildOperation;)I+28
j  org.gradle.internal.operations.DefaultBuildOperationQueue$WorkerRunnable.lambda$runBatch$0(Lorg/gradle/internal/operations/BuildOperation;)Ljava/lang/Integer;+2
j  org.gradle.internal.operations.DefaultBuildOperationQueue$WorkerRunnable$$Lambda+0x0000000800911590.create()Ljava/lang/Object;+8
j  org.gradle.internal.resources.AbstractResourceLockRegistry.whileDisallowingLockChanges(Lorg/gradle/internal/Factory;)Ljava/lang/Object;+17
j  org.gradle.internal.work.DefaultWorkerLeaseService.whileDisallowingProjectLockChanges(Lorg/gradle/internal/Factory;)Ljava/lang/Object;+14
j  org.gradle.internal.operations.DefaultBuildOperationQueue$WorkerRunnable.lambda$runBatch$1(Lorg/gradle/internal/operations/BuildOperation;)Ljava/lang/Integer;+33
j  org.gradle.internal.operations.DefaultBuildOperationQueue$WorkerRunnable$$Lambda+0x00000008009110e0.create()Ljava/lang/Object;+8
j  org.gradle.internal.work.DefaultWorkerLeaseService.withLocks(Ljava/util/Collection;Lorg/gradle/internal/Factory;)Ljava/lang/Object;+28
j  org.gradle.internal.work.DefaultWorkerLeaseService.runAsWorkerThread(Lorg/gradle/internal/Factory;)Ljava/lang/Object;+33
j  org.gradle.internal.operations.DefaultBuildOperationQueue$WorkerRunnable.runBatch(Lorg/gradle/internal/operations/BuildOperation;)V+18
j  org.gradle.internal.operations.DefaultBuildOperationQueue$WorkerRunnable.run()V+11
J 10179 c2 org.gradle.internal.concurrent.ExecutorPolicy$CatchAndRecordFailures.onExecute(Ljava/lang/Runnable;)V (29 bytes) @ 0x000001645cc4ba94 [0x000001645cc4ba40+0x0000000000000054]
j  org.gradle.internal.concurrent.AbstractManagedExecutor$1.run()V+25
j  java.util.concurrent.ThreadPoolExecutor.runWorker(Ljava/util/concurrent/ThreadPoolExecutor$Worker;)V+92 java.base@21.0.8
j  java.util.concurrent.ThreadPoolExecutor$Worker.run()V+5 java.base@21.0.8
j  java.lang.Thread.runWith(Ljava/lang/Object;Ljava/lang/Runnable;)V+5 java.base@21.0.8
j  java.lang.Thread.run()V+19 java.base@21.0.8
v  ~StubRoutines::call_stub 0x000001645c1a10e7
--------------------------------------------------------------------------------
Decoding CodeBlob, name: _new_array_nozero_Java, at  [0x000001645c230580, 0x000001645c2305f0]  112 bytes
[MachCode]
  0x000001645c230580: 4881 ec28 | 0000 0048 | 896c 2420 | 4989 a798 | 0300 0048 | 8bca 418b | d04d 8bc7 | 49ba 6031 
  0x000001645c2305a0: 4d67 f87f | 0000 41ff | d20f 1f84 | 0000 0000 | 004d 89a7 | 9803 0000 | 4d89 a7a0 | 0300 0049 
  0x000001645c2305c0: 8b87 f003 | 0000 4d89 | a7f0 0300 | 004d 3b67 | 0875 0648 | 83c4 205d | c333 db49 | ba00 0f1a 
  0x000001645c2305e0: 5c64 0100 | 0048 83c4 | 205d 41ff | e2f4 f4f4 
[/MachCode]
--------------------------------------------------------------------------------


Compiled method (c2) 90381 16664  s    4       java.io.ByteArrayOutputStream::toByteArray (12 bytes)
 total in heap  [0x000001645ceb1e90,0x000001645ceb2810] = 2432
 relocation     [0x000001645ceb1ff0,0x000001645ceb2038] = 72
 main code      [0x000001645ceb2040,0x000001645ceb26a8] = 1640
 stub code      [0x000001645ceb26a8,0x000001645ceb26c0] = 24
 metadata       [0x000001645ceb26c0,0x000001645ceb26d8] = 24
 scopes data    [0x000001645ceb26d8,0x000001645ceb2748] = 112
 scopes pcs     [0x000001645ceb2748,0x000001645ceb27c8] = 128
 dependencies   [0x000001645ceb27c8,0x000001645ceb27d0] = 8
 handler table  [0x000001645ceb27d0,0x000001645ceb2800] = 48
 nul chk table  [0x000001645ceb2800,0x000001645ceb2810] = 16

[Constant Pool (empty)]

[MachCode]
[Entry Point]
  # {method} {0x00000164795397d8} 'toByteArray' '()[B' in 'java/io/ByteArrayOutputStream'
  #           [sp+0x70]  (sp of caller)
  0x000001645ceb2040: 448b 5208 | 49bb 0000 | 0000 0800 | 0000 4d03 | d349 3bc2 

  0x000001645ceb2054: ;   {runtime_call ic_miss_stub}
  0x000001645ceb2054: 0f85 26c9 | 33ff 6690 | 0f1f 4000 
[Verified Entry Point]
  0x000001645ceb2060: 8984 2400 | 80ff ff55 | 4883 ec60 | 4181 7f20 | 2500 0000 | 0f85 2006 | 0000 4889 | 5424 2048 
  0x000001645ceb2080: 8d5c 2450 | 488b 02a8 | 020f 8523 | 0000 0048 | 83c8 0148 | 8903 f048 | 0fb1 1a0f | 8437 0000 
  0x000001645ceb20a0: 0048 2bc4 | 4825 07f0 | ffff 4889 | 03e9 2400 | 0000 4c8b | d048 33c0 | f04d 0fb1 | 7a3e 48c7 
  0x000001645ceb20c0: 0303 0000 | 0074 114c | 3bf8 7515 | 49ff 8286 | 0000 0048 | 33c0 7509 | 49ff 8748 | 0500 0033 
  0x000001645ceb20e0: c00f 85e3 | 0300 004c | 8b54 2420 | 458b 4210 

  0x000001645ceb20f0: ; implicit exception: dispatches to 0x000001645ceb2583
  0x000001645ceb20f0: 438b 7cc4 | 0c41 8b4a | 0c4f 8d14 | c44c 8954 | 2448 4f8d | 4cc4 103b | cf0f 8459 | 0200 0081 
  0x000001645ceb2110: f900 0010 | 000f 8734 | 0300 004c | 63d9 3bf9 | 8bef 0f4f | e93b fd0f | 82e6 0300 | 003b cd0f 
  0x000001645ceb2130: 82de 0300 | 0049 83c3 | 174d 8bc3 | 4983 e0f8 | 81f9 0000 | 1000 0f87 | b702 0000 | 498b 9fb8 
  0x000001645ceb2150: ;   {no_reloc}
  0x000001645ceb2150: 0100 004c | 8bd3 4d03 | d04d 3b97 | c801 0000 | 0f83 9d02 | 0000 4d89 | 97b8 0100 | 0041 0f0d 
  0x000001645ceb2170: 8ac0 0000 | 0048 c703 | 0100 0000 | 410f 0d8a | 0001 0000 

  0x000001645ceb2184: ;   {metadata({type array byte})}
  0x000001645ceb2184: c743 08c8 | 0a04 0089 | 4b0c 410f | 0d8a 4001 | 0000 410f | 0d8a 8001 | 0000 4c8b | d349 83c2 
  0x000001645ceb21a4: 1049 c1eb | 0385 ed0f | 84a6 0200 | 003b e90f | 8cdc 0000 | 0049 83c0 | f049 c1e8 | 0349 8bc9 
  0x000001645ceb21c4: 498b d2c5 | f877 49ba | 006b 1d5c | 6401 0000 

  0x000001645ceb21d4: ;   {other}
  0x000001645ceb21d4: 41ff d20f | 1f84 0000 | 0000 0048 | 8d44 2450 | 4c8b 5c24 | 2048 8338 | 000f 8479 | 0000 004d 
  0x000001645ceb21f4: 8b13 41f6 | c202 0f84 | 6200 0000 | 4983 ba86 | 0000 0000 | 7409 49ff | 8a86 0000 | 00eb 4b49 
  0x000001645ceb2214: 8b82 9600 | 0000 490b | 828e 0000 | 0075 0a49 | c742 3e00 | 0000 00eb | 3d49 83ba | 9e00 0000 
  0x000001645ceb2234: 0074 2248 | 33c0 49c7 | 423e 0000 | 0000 f083 | 0424 0049 | 83ba 9e00 | 0000 0075 | 0df0 4d0f 
  0x000001645ceb2254: b17a 3e75 | 0583 c801 | eb0c a800 | eb08 4c8b | 10f0 4d0f | b113 750a | 49ff 8f48 | 0500 0045 
  0x000001645ceb2274: 33d2 0f85 | 6d02 0000 | 488b c3c5 | f877 4883 

  0x000001645ceb2284: ;   {poll_return}
  0x000001645ceb2284: c460 5d49 | 3ba7 4804 | 0000 0f87 | f003 0000 | c34c 63c5 | 498d 4810 | 488b d148 | 83e2 f848 
  0x000001645ceb22a4: 8bfb 4803 | fa48 c1e9 | 034c 2bd9 | 498b cb48 | 33c0 4883 | f908 7f10 | 48ff c978 | 5648 8904 
  0x000001645ceb22c4: cf48 ffc9 | 7df7 eb4b | c5fd efc0 | e90d 0000 | 00c5 fe7f | 07c5 fe7f | 4720 4883 | c740 4883 
  0x000001645ceb22e4: e908 7ded | 4883 c104 | 7c0c c5fe | 7f07 4883 | c720 4883 | e904 4883 | c104 7e17 | 48c7 c0ff 
  0x000001645ceb2304: ffff ffc4 | e2f0 f5c0 | c4e1 fb92 | f862 f1fe | 2f7f 0749 | 83f8 2077 | 284c 63dd | 49b8 ffff 
  0x000001645ceb2324: ffff ffff | ffff c442 | a0f5 c0c4 | c1fb 92f8 | 62d1 7faf | 6f01 62d1 | 7f2f 7f02 | e99a feff 
  0x000001645ceb2344: ff49 8bc9 | 498b d2c5 | f877 49ba | 4048 1d5c | 6401 0000 

  0x000001645ceb2358: ;   {other}
  0x000001645ceb2358: 41ff d20f | 1f84 0000 | 0000 00e9 | 77fe ffff | 4863 f781 | ff00 0010 | 000f 87c1 | 0100 0049 
  0x000001645ceb2378: 8b9f b801 | 0000 4c8d | 5617 4983 | e2f8 4c8b | db4d 03da | 4d3b 9fc8 | 0100 000f | 839f 0100 
  0x000001645ceb2398: 004d 899f | b801 0000 | 410f 0d8b | c000 0000 | 48c7 0301 | 0000 0041 | 0f0d 8b00 

  0x000001645ceb23b4: ;   {metadata({type array byte})}
  0x000001645ceb23b4: 0100 00c7 | 4308 c80a | 0400 897b | 0c41 0f0d | 8b40 0100 | 0041 0f0d | 8b80 0100 | 0048 8bd3 
  0x000001645ceb23d4: 4883 c210 | 4883 c607 | 48c1 ee03 | 498b c94c | 8bc6 c5f8 | 7749 ba00 | 6b1d 5c64 | 0100 0041 
  0x000001645ceb23f4: ;   {other}
  0x000001645ceb23f4: ffd2 0f1f | 8400 0000 | 0000 e9dc | fdff ff4c | 8944 2440 | 4c89 5c24 | 384c 894c | 2430 894c 
  0x000001645ceb2414: ;   {metadata({type array byte})}
  0x000001645ceb2414: 2428 48ba | c80a 0400 | 0800 0000 | 448b c190 

  0x000001645ceb2424: ;   {runtime_call _new_array_nozero_Java}
  0x000001645ceb2424: c5f8 77e8 

  0x000001645ceb2428: ; ImmutableOopMap {[32]=Oop [72]=Oop [48]=Derived_oop_[72] }
                      ;*newarray {reexecute=0 rethrow=0 return_oop=1}
                      ; - java.util.Arrays::copyOf@15
                      ; - java.io.ByteArrayOutputStream::toByteArray@8
  0x000001645ceb2428: 54e1 37ff 

  0x000001645ceb242c: ;   {other}
  0x000001645ceb242c: 0f1f 8400 | 9c05 0000 | 8b4c 2428 | 4c8b 4c24 | 304c 8b5c | 2438 4c8b | 4424 4048 | 8bd8 e94f 
  0x000001645ceb244c: fdff ff4c | 63d9 e9c7 | fcff ff49 | 83c3 fe49 | 8bcb 498b | fa48 33c0 | 4883 f908 | 7f10 48ff 
  0x000001645ceb246c: c978 5648 | 8904 cf48 | ffc9 7df7 | eb4b c5fd | efc0 e90d | 0000 00c5 | fe7f 07c5 | fe7f 4720 
  0x000001645ceb248c: 4883 c740 | 4883 e908 | 7ded 4883 | c104 7c0c | c5fe 7f07 | 4883 c720 | 4883 e904 | 4883 c104 
  0x000001645ceb24ac: 7e17 48c7 | c0ff ffff | ffc4 e2f0 | f5c0 c4e1 | fb92 f862 | f1fe 2f7f | 07e9 15fd | ffff 4c8d 
  0x000001645ceb24cc: 4424 5048 | 8bea 6690 

  0x000001645ceb24d4: ;   {runtime_call _complete_monitor_locking_Java}
  0x000001645ceb24d4: c5f8 77e8 

  0x000001645ceb24d8: ; ImmutableOopMap {rbp=Oop [32]=Oop }
                      ;*synchronization entry
                      ; - java.io.ByteArrayOutputStream::toByteArray@-1
  0x000001645ceb24d8: 243e 38ff 

  0x000001645ceb24dc: ;   {other}
  0x000001645ceb24dc: 0f1f 8400 | 4c06 0001 | e9fe fbff | ff48 8b4c | 2420 488d | 5424 504d | 8bc7 c5f8 | 7749 ba10 
  0x000001645ceb24fc: c64d 67f8 | 7f00 0041 

  0x000001645ceb2504: ;   {other}
  0x000001645ceb2504: ffd2 0f1f | 8400 0000 | 0000 e969 | fdff ffba | ccff ffff | 488b 6c24 | 2044 8944 | 2420 894c 
  0x000001645ceb2524: 2428 6690 

  0x000001645ceb2528: ;   {runtime_call UncommonTrapBlob}
  0x000001645ceb2528: c5f8 77e8 

  0x000001645ceb252c: ; ImmutableOopMap {rbp=Oop [32]=NarrowOop }
                      ;*newarray {reexecute=1 rethrow=0 return_oop=0}
                      ; - (reexecute) java.util.Arrays::copyOf@15
                      ; - java.io.ByteArrayOutputStream::toByteArray@8
  0x000001645ceb252c: d057 34ff 

  0x000001645ceb2530: ;   {other}
  0x000001645ceb2530: 0f1f 8400 | a006 0002 | 4889 7424 | 384c 894c | 2430 4489 | 4424 2848 | 8b6c 2420 

  0x000001645ceb254c: ;   {metadata({type array byte})}
  0x000001645ceb254c: 48ba c80a | 0400 0800 | 0000 448b | c766 6690 

  0x000001645ceb255c: ;   {runtime_call _new_array_nozero_Java}
  0x000001645ceb255c: c5f8 77e8 

  0x000001645ceb2560: ; ImmutableOopMap {rbp=Oop [40]=NarrowOop [72]=Oop [48]=Derived_oop_[72] }
                      ;*invokevirtual clone {reexecute=1 rethrow=0 return_oop=1}
                      ; - (reexecute) java.util.Arrays::copyOf@7
                      ; - java.io.ByteArrayOutputStream::toByteArray@8
  0x000001645ceb2560: 1ce0 37ff 

  0x000001645ceb2564: ;   {other}
  0x000001645ceb2564: 0f1f 8400 | d406 0003 | 4889 6c24 | 204c 8b4c | 2430 488b | 7424 3848 | 8bd8 e94e | feff ffba 
  0x000001645ceb2584: f6ff ffff | 498b ea90 

  0x000001645ceb258c: ;   {runtime_call UncommonTrapBlob}
  0x000001645ceb258c: c5f8 77e8 

  0x000001645ceb2590: ; ImmutableOopMap {rbp=Oop }
                      ;*arraylength {reexecute=0 rethrow=0 return_oop=0}
                      ; - java.util.Arrays::copyOf@2
                      ; - java.io.ByteArrayOutputStream::toByteArray@8
  0x000001645ceb2590: 6c57 34ff 

  0x000001645ceb2594: ;   {other}
  0x000001645ceb2594: 0f1f 8400 | 0407 0004 | 488b d84c | 8b5c 2420 | 488d 4424 | 5048 8338 | 000f 8479 | 0000 004d 
  0x000001645ceb25b4: 8b13 41f6 | c202 0f84 | 6200 0000 | 4983 ba86 | 0000 0000 | 7409 49ff | 8a86 0000 | 00eb 4b49 
  0x000001645ceb25d4: 8b82 9600 | 0000 490b | 828e 0000 | 0075 0a49 | c742 3e00 | 0000 00eb | 3d49 83ba | 9e00 0000 
  0x000001645ceb25f4: 0074 2248 | 33c0 49c7 | 423e 0000 | 0000 f083 | 0424 0049 | 83ba 9e00 | 0000 0075 | 0df0 4d0f 
  0x000001645ceb2614: b17a 3e75 | 0583 c801 | eb0c a800 | eb08 4c8b | 10f0 4d0f | b113 750a | 49ff 8f48 | 0500 0045 
  0x000001645ceb2634: 33d2 7510 | 488b d3c5 | f877 4883 

  0x000001645ceb2640: ;   {runtime_call _rethrow_Java}
  0x000001645ceb2640: c460 5de9 | b845 38ff | 498b cb48 | 8d54 2450 | 4d8b c7c5 | f877 49ba | 10c6 4d67 | f87f 0000 
  0x000001645ceb2660: ;   {other}
  0x000001645ceb2660: 41ff d20f | 1f84 0000 | 0000 00eb | cbba 97ff | ffff 6690 

  0x000001645ceb2674: ;   {runtime_call UncommonTrapBlob}
  0x000001645ceb2674: c5f8 77e8 

  0x000001645ceb2678: ; ImmutableOopMap {rbp=Oop [40]=NarrowOop }
                      ;*invokevirtual clone {reexecute=1 rethrow=0 return_oop=0}
                      ; - (reexecute) java.util.Arrays::copyOf@7
                      ; - java.io.ByteArrayOutputStream::toByteArray@8
  0x000001645ceb2678: 8456 34ff 

  0x000001645ceb267c: ;   {other}
  0x000001645ceb267c: 0f1f 8400 | ec07 0005 

  0x000001645ceb2684: ;   {internal_word}
  0x000001645ceb2684: 49ba 8722 | eb5c 6401 | 0000 4d89 | 9760 0400 

  0x000001645ceb2694: ;   {runtime_call SafepointBlob}
  0x000001645ceb2694: 00e9 e644 

  0x000001645ceb2698: ;   {runtime_call StubRoutines (final stubs)}
  0x000001645ceb2698: 34ff e821 | 8432 ffe9 | d6f9 ffff | f4f4 f4f4 
[Exception Handler]
  0x000001645ceb26a8: ;   {no_reloc}
  0x000001645ceb26a8: e953 e837 | ffe8 0000 | 0000 4883 

  0x000001645ceb26b4: ;   {runtime_call DeoptimizationBlob}
  0x000001645ceb26b4: 2c24 05e9 | 6459 34ff | f4f4 f4f4 
[/MachCode]


Compiled method (c2) 90425 13424       4       org.gradle.internal.operations.DefaultBuildOperationRunner$CallableBuildOperationWorker::execute (10 bytes)
 total in heap  [0x000001645ced0390,0x000001645ced0840] = 1200
 relocation     [0x000001645ced04f0,0x000001645ced0520] = 48
 main code      [0x000001645ced0520,0x000001645ced0748] = 552
 stub code      [0x000001645ced0748,0x000001645ced0760] = 24
 oops           [0x000001645ced0760,0x000001645ced0768] = 8
 metadata       [0x000001645ced0768,0x000001645ced0780] = 24
 scopes data    [0x000001645ced0780,0x000001645ced07b8] = 56
 scopes pcs     [0x000001645ced07b8,0x000001645ced0808] = 80
 dependencies   [0x000001645ced0808,0x000001645ced0818] = 16
 handler table  [0x000001645ced0818,0x000001645ced0830] = 24
 nul chk table  [0x000001645ced0830,0x000001645ced0840] = 16

[Constant Pool (empty)]

[MachCode]
[Entry Point]
  # {method} {0x000001647a78d3e0} 'execute' '(Lorg/gradle/internal/operations/BuildOperation;Lorg/gradle/internal/operations/BuildOperationContext;)V' in 'org/gradle/internal/operations/DefaultBuildOperationRunner$CallableBuildOperationWorker'
  # this:     rdx:rdx   = 'org/gradle/internal/operations/DefaultBuildOperationRunner$CallableBuildOperationWorker'
  # parm0:    r8:r8     = 'org/gradle/internal/operations/BuildOperation'
  # parm1:    r9:r9     = 'org/gradle/internal/operations/BuildOperationContext'
  #           [sp+0x50]  (sp of caller)
  0x000001645ced0520: 448b 5208 | 49bb 0000 | 0000 0800 | 0000 4d03 | d349 3bc2 

  0x000001645ced0534: ;   {runtime_call ic_miss_stub}
  0x000001645ced0534: 0f85 46e4 | 31ff 6690 | 0f1f 4000 
[Verified Entry Point]
  0x000001645ced0540: 8984 2400 | 80ff ff55 | 4883 ec40 | 4181 7f20 | 2500 0000 | 0f85 e401 | 0000 4889 | 5424 2045 
  0x000001645ced0560: ;   {metadata('org/gradle/internal/operations/CallableBuildOperation')}
  0x000001645ced0560: 8b58 0848 | b820 d42f | 0008 0000 | 0048 be00 | 0000 0008 | 0000 0049 | 03f3 4c8b | 5620 4c3b 
  0x000001645ced0580: d00f 857f | 0000 0049 | 8bd0 4d8b | c148 b810 | 382d 0364 

  0x000001645ced0594: ;   {virtual_call}
  0x000001645ced0594: 0100 00e8 

  0x000001645ced0598: ; ImmutableOopMap {[32]=Oop }
                      ;*invokeinterface call {reexecute=0 rethrow=0 return_oop=1}
                      ; - org.gradle.internal.operations.DefaultBuildOperationRunner$CallableBuildOperationWorker::execute@3 (line 209)
                      ; - org.gradle.internal.operations.DefaultBuildOperationRunner$CallableBuildOperationWorker::execute@6 (line 204)
  0x000001645ced0598: f4f0 3fff 

  0x000001645ced059c: ;   {other}
  0x000001645ced059c: 0f1f 8400 | 0c02 0000 | 488b d841 | 807f 4000 | 0f85 ae00 | 0000 488b | 7c24 204c | 8bdb 49c1 
  0x000001645ced05bc: eb03 4489 | 5f0c 4c8b | d74c 8bdb | 4d33 da49 | c1eb 164d | 85db 741f | 4885 db74 | 1a49 c1ea 
  0x000001645ced05dc: 0948 b900 | 0058 6a64 | 0100 0049 | 03ca 8039 | 020f 85a5 | 0000 0048 | 83c4 405d 

  0x000001645ced05f8: ;   {poll_return}
  0x000001645ced05f8: 493b a748 | 0400 000f | 8723 0100 | 00c3 4833 | ff4c 8b9e | a000 0000 | 498b d348 | c1e2 150f 
  0x000001645ced0618: 8921 0000 | 00f3 480f | b8d2 488b | 5e28 483b | 04d3 7415 | 490f bae3 | 2b73 0b49 

  0x000001645ced0634: ;   {runtime_call StubRoutines (compiler stubs)}
  0x000001645ced0634: c1cb 2ae8 | b8e1 35ff | eb03 48ff | c748 85ff | 0f84 3dff | ffff bade | ffff ff49 

  0x000001645ced0650: ;   {runtime_call UncommonTrapBlob}
  0x000001645ced0650: 8be8 90e8 

  0x000001645ced0654: ; ImmutableOopMap {rbp=Oop }
                      ;*checkcast {reexecute=0 rethrow=0 return_oop=0}
                      ; - org.gradle.internal.operations.DefaultBuildOperationRunner$CallableBuildOperationWorker::execute@2 (line 204)
  0x000001645ced0654: a876 32ff 

  0x000001645ced0658: ;   {other}
  0x000001645ced0658: 0f1f 8400 | c802 0001 | 488b 7c24 | 2044 8b57 | 0c45 85d2 | 0f84 45ff | ffff 4d8b | 5f28 498b 
  0x000001645ced0678: ca48 c1e1 | 034d 85db | 7464 4d8b | 5738 4b89 | 4c1a f849 | 83c3 f84d | 895f 28e9 | 1fff ffff 
  0x000001645ced0698: 4d8b 5758 | 4d8b 5f48 | f083 4424 | c000 8039 | 000f 8444 | ffff ff44 | 8821 4d85 | db75 1d49 
  0x000001645ced06b8: 8bd7 49ba | f021 0c67 | f87f 0000 

  0x000001645ced06c4: ;   {other}
  0x000001645ced06c4: 41ff d20f | 1f84 0000 | 0000 00e9 | 1fff ffff | 4b89 4c1a | f849 83c3 | f84d 895f | 48e9 0dff 
  0x000001645ced06e4: ffff 498b | d749 ba10 | 220c 67f8 | 7f00 0041 

  0x000001645ced06f4: ;   {other}
  0x000001645ced06f4: ffd2 0f1f | 8400 0000 | 0000 e9b4 | feff ff48 | 8bd0 4883 

  0x000001645ced0708: ;   {runtime_call _rethrow_Java}
  0x000001645ced0708: c440 5de9 | f064 36ff | baf4 ffff | ff49 8be9 

  0x000001645ced0718: ;   {runtime_call UncommonTrapBlob}
  0x000001645ced0718: 6666 90e8 

  0x000001645ced071c: ; ImmutableOopMap {rbp=Oop [32]=Oop }
                      ;*checkcast {reexecute=0 rethrow=0 return_oop=0}
                      ; - org.gradle.internal.operations.DefaultBuildOperationRunner$CallableBuildOperationWorker::execute@2 (line 204)
  0x000001645ced071c: e075 32ff 

  0x000001645ced0720: ;   {other}
  0x000001645ced0720: 0f1f 8400 | 9003 0002 

  0x000001645ced0728: ;   {internal_word}
  0x000001645ced0728: 49ba f805 | ed5c 6401 | 0000 4d89 | 9760 0400 

  0x000001645ced0738: ;   {runtime_call SafepointBlob}
  0x000001645ced0738: 00e9 4264 

  0x000001645ced073c: ;   {runtime_call StubRoutines (final stubs)}
  0x000001645ced073c: 32ff e87d | a330 ffe9 | 12fe ffff 
[Exception Handler]
  0x000001645ced0748: ;   {no_reloc}
  0x000001645ced0748: e9b3 0736 | ffe8 0000 | 0000 4883 

  0x000001645ced0754: ;   {runtime_call DeoptimizationBlob}
  0x000001645ced0754: 2c24 05e9 | c478 32ff | f4f4 f4f4 
[/MachCode]


---------------  P R O C E S S  ---------------

Threads class SMR info:
_java_thread_list=0x000001640a1a07a0, length=101, elements={
0x0000016449325ec0, 0x000001647d02b3d0, 0x000001647d064dd0, 0x000001647d067840,
0x000001647d07e310, 0x000001647d07fd80, 0x000001647d081ec0, 0x000001647d082920,
0x000001647d0846c0, 0x000001647d0873b0, 0x000001647d4140c0, 0x000001647eeaea00,
0x000001647f03d230, 0x000001647f156160, 0x000001647ef99410, 0x000001647ef99a80,
0x000001647f0d4bf0, 0x000001647f0bc860, 0x000001647efd21c0, 0x000001647efd14a0,
0x000001647efcfa60, 0x000001647efd2850, 0x000001647efd00f0, 0x000001647efd1b30,
0x000001647efd0780, 0x000001647efd0e10, 0x0000016400fa02f0, 0x0000016400fa1010,
0x0000016400f9fc60, 0x0000016400fa0980, 0x0000016400fa16a0, 0x0000016400f9e220,
0x0000016400f9ef40, 0x0000016400f9f5d0, 0x000001647e25be50, 0x000001647e2589d0,
0x000001647e259d80, 0x000001647e25c4e0, 0x000001647e259060, 0x000001647e25cb70,
0x000001647e25d890, 0x000001647e25d200, 0x000001647e25a410, 0x000001647e25df20,
0x000001647e25fff0, 0x0000016402da8900, 0x0000016402da8270, 0x0000016402da7550,
0x0000016402da5480, 0x0000016402da8f90, 0x0000016402da6830, 0x0000016402da6ec0,
0x0000016402da7be0, 0x0000016402da5b10, 0x0000016402dab6f0, 0x0000016402dabd80,
0x0000016402da9cb0, 0x0000016402dac410, 0x0000016402dacaa0, 0x0000016402daa9d0,
0x0000016402daa340, 0x0000016402da9620, 0x0000016402dab060, 0x0000016408180310,
0x00000164081816c0, 0x0000016408183100, 0x0000016408183790, 0x00000164081823e0,
0x0000016408182a70, 0x0000016408183e20, 0x0000016408181d50, 0x00000164081809a0,
0x00000164081844b0, 0x0000016408181030, 0x0000016408185ef0, 0x0000016408187930,
0x00000164081851d0, 0x0000016408185860, 0x00000164084dcc60, 0x00000164084dd980,
0x0000016408205da0, 0x0000016408207e70, 0x0000016408206ac0, 0x0000016408207150,
0x0000016408205080, 0x000001640820b2f0, 0x00000164084d9e70, 0x00000164084de010,
0x000001647e2ee900, 0x000001647e2ed550, 0x000001647e2ee270, 0x000001647e2ef620,
0x000001647e2ec1a0, 0x000001647e2f0340, 0x000001647e2f2aa0, 0x000001647e2f1060,
0x000001647e2f16f0, 0x000001647e2f1d80, 0x000001647e2f2410, 0x000001647e2f3130,
0x000001640a6e14e0
}

Java Threads: ( => current thread )
  0x0000016449325ec0 JavaThread "main"                              [_thread_blocked, id=21876, stack(0x0000004726800000,0x0000004726900000) (1024K)]
  0x000001647d02b3d0 JavaThread "Common-Cleaner"             daemon [_thread_blocked, id=21976, stack(0x0000004727100000,0x0000004727200000) (1024K)]
  0x000001647d064dd0 JavaThread "Reference Handler"          daemon [_thread_blocked, id=2800, stack(0x0000004727200000,0x0000004727300000) (1024K)]
  0x000001647d067840 JavaThread "Finalizer"                  daemon [_thread_blocked, id=2152, stack(0x0000004727300000,0x0000004727400000) (1024K)]
  0x000001647d07e310 JavaThread "Signal Dispatcher"          daemon [_thread_blocked, id=27868, stack(0x0000004727400000,0x0000004727500000) (1024K)]
  0x000001647d07fd80 JavaThread "Attach Listener"            daemon [_thread_blocked, id=28620, stack(0x0000004727500000,0x0000004727600000) (1024K)]
  0x000001647d081ec0 JavaThread "Service Thread"             daemon [_thread_blocked, id=25800, stack(0x0000004727600000,0x0000004727700000) (1024K)]
  0x000001647d082920 JavaThread "Monitor Deflation Thread"   daemon [_thread_blocked, id=31112, stack(0x0000004727700000,0x0000004727800000) (1024K)]
  0x000001647d0846c0 JavaThread "C2 CompilerThread0"         daemon [_thread_blocked, id=17380, stack(0x0000004727800000,0x0000004727900000) (1024K)]
  0x000001647d0873b0 JavaThread "C1 CompilerThread0"         daemon [_thread_blocked, id=32960, stack(0x0000004727900000,0x0000004727a00000) (1024K)]
  0x000001647d4140c0 JavaThread "Notification Thread"        daemon [_thread_blocked, id=33008, stack(0x0000004727a00000,0x0000004727b00000) (1024K)]
  0x000001647eeaea00 JavaThread "Daemon health stats"               [_thread_blocked, id=4420, stack(0x0000004727d00000,0x0000004727e00000) (1024K)]
  0x000001647f03d230 JavaThread "Incoming local TCP Connector on port 52927"        [_thread_in_native, id=14992, stack(0x0000004727f00000,0x0000004728000000) (1024K)]
  0x000001647f156160 JavaThread "Daemon periodic checks"            [_thread_blocked, id=33312, stack(0x0000004728000000,0x0000004728100000) (1024K)]
  0x000001647ef99410 JavaThread "Daemon"                            [_thread_blocked, id=27356, stack(0x0000004728200000,0x0000004728300000) (1024K)]
  0x000001647ef99a80 JavaThread "Handler for socket connection from /127.0.0.1:52927 to /127.0.0.1:52928"        [_thread_in_native, id=22464, stack(0x0000004728300000,0x0000004728400000) (1024K)]
  0x000001647f0d4bf0 JavaThread "Cancel handler"                    [_thread_blocked, id=31796, stack(0x0000004728100000,0x0000004728200000) (1024K)]
  0x000001647f0bc860 JavaThread "Daemon worker"                     [_thread_blocked, id=19756, stack(0x0000004728400000,0x0000004728500000) (1024K)]
  0x000001647efd21c0 JavaThread "Asynchronous log dispatcher for DefaultDaemonConnection: socket connection from /127.0.0.1:52927 to /127.0.0.1:52928"        [_thread_blocked, id=27004, stack(0x0000004728500000,0x0000004728600000) (1024K)]
  0x000001647efd14a0 JavaThread "Stdin handler"                     [_thread_blocked, id=13588, stack(0x0000004728600000,0x0000004728700000) (1024K)]
  0x000001647efcfa60 JavaThread "Daemon client event forwarder"        [_thread_blocked, id=21840, stack(0x0000004728700000,0x0000004728800000) (1024K)]
  0x000001647efd2850 JavaThread "Cache worker for journal cache (C:\Users\Sange\.gradle\caches\journal-1)"        [_thread_blocked, id=9708, stack(0x0000004728800000,0x0000004728900000) (1024K)]
  0x000001647efd00f0 JavaThread "File lock request listener"        [_thread_in_native, id=24372, stack(0x0000004728900000,0x0000004728a00000) (1024K)]
  0x000001647efd1b30 JavaThread "Cache worker for file hash cache (C:\Users\Sange\.gradle\caches\8.9\fileHashes)"        [_thread_blocked, id=33372, stack(0x0000004728a00000,0x0000004728b00000) (1024K)]
  0x000001647efd0780 JavaThread "Cache worker for file hash cache (C:\Users\Sange\New Aqualink\aqua-link-grow-smart\android\.gradle\8.9\fileHashes)"        [_thread_blocked, id=27504, stack(0x0000004728c00000,0x0000004728d00000) (1024K)]
  0x000001647efd0e10 JavaThread "Cache worker for Build Output Cleanup Cache (C:\Users\Sange\New Aqualink\aqua-link-grow-smart\android\.gradle\buildOutputCleanup)"        [_thread_blocked, id=32240, stack(0x0000004728d00000,0x0000004728e00000) (1024K)]
  0x0000016400fa02f0 JavaThread "File watcher server"        daemon [_thread_in_native, id=24412, stack(0x0000004728b00000,0x0000004728c00000) (1024K)]
  0x0000016400fa1010 JavaThread "File watcher consumer"      daemon [_thread_blocked, id=23328, stack(0x0000004728e00000,0x0000004728f00000) (1024K)]
  0x0000016400f9fc60 JavaThread "Cache worker for checksums cache (C:\Users\Sange\New Aqualink\aqua-link-grow-smart\android\.gradle\8.9\checksums)"        [_thread_blocked, id=14364, stack(0x0000004728f00000,0x0000004729000000) (1024K)]
  0x0000016400fa0980 JavaThread "Cache worker for file content cache (C:\Users\Sange\.gradle\caches\8.9\fileContent)"        [_thread_blocked, id=32564, stack(0x0000004729000000,0x0000004729100000) (1024K)]
  0x0000016400fa16a0 JavaThread "Cache worker for cache directory md-rule (C:\Users\Sange\.gradle\caches\8.9\md-rule)"        [_thread_blocked, id=15700, stack(0x0000004729100000,0x0000004729200000) (1024K)]
  0x0000016400f9e220 JavaThread "Cache worker for cache directory md-supplier (C:\Users\Sange\.gradle\caches\8.9\md-supplier)"        [_thread_blocked, id=29120, stack(0x0000004729200000,0x0000004729300000) (1024K)]
  0x0000016400f9ef40 JavaThread "jar transforms"                    [_thread_blocked, id=28440, stack(0x0000004729400000,0x0000004729500000) (1024K)]
  0x0000016400f9f5d0 JavaThread "Cache worker for Build Output Cleanup Cache (C:\Users\Sange\Flutter\packages\flutter_tools\gradle\.gradle\buildOutputCleanup)"        [_thread_blocked, id=19508, stack(0x0000004729500000,0x0000004729600000) (1024K)]
  0x000001647e25be50 JavaThread "Unconstrained build operations"        [_thread_blocked, id=33056, stack(0x0000004729600000,0x0000004729700000) (1024K)]
  0x000001647e2589d0 JavaThread "Unconstrained build operations Thread 2"        [_thread_blocked, id=17428, stack(0x0000004729700000,0x0000004729800000) (1024K)]
  0x000001647e259d80 JavaThread "Unconstrained build operations Thread 3"        [_thread_blocked, id=16792, stack(0x0000004729800000,0x0000004729900000) (1024K)]
  0x000001647e25c4e0 JavaThread "Unconstrained build operations Thread 4"        [_thread_blocked, id=24232, stack(0x0000004729900000,0x0000004729a00000) (1024K)]
  0x000001647e259060 JavaThread "Unconstrained build operations Thread 5"        [_thread_blocked, id=30716, stack(0x0000004729300000,0x0000004729400000) (1024K)]
  0x000001647e25cb70 JavaThread "Unconstrained build operations Thread 6"        [_thread_blocked, id=15940, stack(0x0000004729a00000,0x0000004729b00000) (1024K)]
  0x000001647e25d890 JavaThread "Unconstrained build operations Thread 7"        [_thread_blocked, id=25624, stack(0x0000004729b00000,0x0000004729c00000) (1024K)]
  0x000001647e25d200 JavaThread "Unconstrained build operations Thread 8"        [_thread_blocked, id=21336, stack(0x0000004729c00000,0x0000004729d00000) (1024K)]
  0x000001647e25a410 JavaThread "Unconstrained build operations Thread 9"        [_thread_blocked, id=25952, stack(0x0000004729d00000,0x0000004729e00000) (1024K)]
  0x000001647e25df20 JavaThread "Memory manager"                    [_thread_blocked, id=29680, stack(0x0000004729f00000,0x000000472a000000) (1024K)]
  0x000001647e25fff0 JavaThread "build event listener"              [_thread_blocked, id=7736, stack(0x000000472a000000,0x000000472a100000) (1024K)]
  0x0000016402da8900 JavaThread "included builds"                   [_thread_blocked, id=14972, stack(0x000000472a100000,0x000000472a200000) (1024K)]
  0x0000016402da8270 JavaThread "Execution worker"                  [_thread_blocked, id=31212, stack(0x000000472a200000,0x000000472a300000) (1024K)]
  0x0000016402da7550 JavaThread "Execution worker Thread 2"         [_thread_blocked, id=2228, stack(0x000000472a300000,0x000000472a400000) (1024K)]
  0x0000016402da5480 JavaThread "Execution worker Thread 3"         [_thread_blocked, id=29792, stack(0x000000472a400000,0x000000472a500000) (1024K)]
  0x0000016402da8f90 JavaThread "Cache worker for execution history cache (C:\Users\Sange\Flutter\packages\flutter_tools\gradle\.gradle\8.9\executionHistory)"        [_thread_blocked, id=31764, stack(0x000000472a500000,0x000000472a600000) (1024K)]
  0x0000016402da6830 JavaThread "Unconstrained build operations Thread 10"        [_thread_blocked, id=2732, stack(0x000000472a600000,0x000000472a700000) (1024K)]
  0x0000016402da6ec0 JavaThread "Unconstrained build operations Thread 11"        [_thread_blocked, id=28052, stack(0x000000472a700000,0x000000472a800000) (1024K)]
  0x0000016402da7be0 JavaThread "Unconstrained build operations Thread 12"        [_thread_blocked, id=15256, stack(0x000000472a800000,0x000000472a900000) (1024K)]
  0x0000016402da5b10 JavaThread "Unconstrained build operations Thread 13"        [_thread_blocked, id=14692, stack(0x000000472a900000,0x000000472aa00000) (1024K)]
  0x0000016402dab6f0 JavaThread "Unconstrained build operations Thread 14"        [_thread_blocked, id=27700, stack(0x000000472aa00000,0x000000472ab00000) (1024K)]
  0x0000016402dabd80 JavaThread "Unconstrained build operations Thread 15"        [_thread_blocked, id=32032, stack(0x000000472ab00000,0x000000472ac00000) (1024K)]
  0x0000016402da9cb0 JavaThread "Unconstrained build operations Thread 16"        [_thread_blocked, id=27672, stack(0x000000472ac00000,0x000000472ad00000) (1024K)]
  0x0000016402dac410 JavaThread "Unconstrained build operations Thread 17"        [_thread_blocked, id=15508, stack(0x000000472ad00000,0x000000472ae00000) (1024K)]
  0x0000016402dacaa0 JavaThread "Unconstrained build operations Thread 18"        [_thread_blocked, id=31452, stack(0x000000472ae00000,0x000000472af00000) (1024K)]
  0x0000016402daa9d0 JavaThread "Unconstrained build operations Thread 19"        [_thread_blocked, id=24492, stack(0x000000472af00000,0x000000472b000000) (1024K)]
  0x0000016402daa340 JavaThread "Unconstrained build operations Thread 20"        [_thread_blocked, id=7256, stack(0x000000472b000000,0x000000472b100000) (1024K)]
  0x0000016402da9620 JavaThread "Unconstrained build operations Thread 21"        [_thread_blocked, id=16992, stack(0x000000472b100000,0x000000472b200000) (1024K)]
  0x0000016402dab060 JavaThread "Unconstrained build operations Thread 22"        [_thread_blocked, id=19988, stack(0x000000472b200000,0x000000472b300000) (1024K)]
  0x0000016408180310 JavaThread "Unconstrained build operations Thread 23"        [_thread_blocked, id=26856, stack(0x000000472b300000,0x000000472b400000) (1024K)]
  0x00000164081816c0 JavaThread "Unconstrained build operations Thread 24"        [_thread_blocked, id=7240, stack(0x000000472b400000,0x000000472b500000) (1024K)]
  0x0000016408183100 JavaThread "Unconstrained build operations Thread 25"        [_thread_blocked, id=25536, stack(0x000000472b500000,0x000000472b600000) (1024K)]
  0x0000016408183790 JavaThread "Unconstrained build operations Thread 26"        [_thread_blocked, id=29808, stack(0x000000472b600000,0x000000472b700000) (1024K)]
  0x00000164081823e0 JavaThread "Unconstrained build operations Thread 27"        [_thread_blocked, id=15484, stack(0x000000472b700000,0x000000472b800000) (1024K)]
  0x0000016408182a70 JavaThread "Unconstrained build operations Thread 28"        [_thread_blocked, id=20536, stack(0x000000472b800000,0x000000472b900000) (1024K)]
  0x0000016408183e20 JavaThread "Unconstrained build operations Thread 29"        [_thread_blocked, id=13640, stack(0x000000472b900000,0x000000472ba00000) (1024K)]
  0x0000016408181d50 JavaThread "Unconstrained build operations Thread 30"        [_thread_blocked, id=7860, stack(0x000000472ba00000,0x000000472bb00000) (1024K)]
  0x00000164081809a0 JavaThread "jar transforms Thread 2"           [_thread_blocked, id=24288, stack(0x0000004729e00000,0x0000004729f00000) (1024K)]
  0x00000164081844b0 JavaThread "jar transforms Thread 3"           [_thread_blocked, id=32368, stack(0x000000472bb00000,0x000000472bc00000) (1024K)]
  0x0000016408181030 JavaThread "Unconstrained build operations Thread 31"        [_thread_blocked, id=25432, stack(0x000000472bd00000,0x000000472be00000) (1024K)]
  0x0000016408185ef0 JavaThread "Unconstrained build operations Thread 32"        [_thread_blocked, id=33524, stack(0x000000472be00000,0x000000472bf00000) (1024K)]
  0x0000016408187930 JavaThread "Unconstrained build operations Thread 33"        [_thread_blocked, id=6160, stack(0x000000472bf00000,0x000000472c000000) (1024K)]
  0x00000164081851d0 JavaThread "jar transforms Thread 4"           [_thread_blocked, id=24772, stack(0x000000472c000000,0x000000472c100000) (1024K)]
  0x0000016408185860 JavaThread "build event listener"              [_thread_blocked, id=5796, stack(0x000000472bc00000,0x000000472bd00000) (1024K)]
  0x00000164084dcc60 JavaThread "Unconstrained build operations Thread 34"        [_thread_blocked, id=30748, stack(0x000000472c100000,0x000000472c200000) (1024K)]
  0x00000164084dd980 JavaThread "Unconstrained build operations Thread 35"        [_thread_blocked, id=15568, stack(0x000000472c200000,0x000000472c300000) (1024K)]
  0x0000016408205da0 JavaThread "Unconstrained build operations Thread 36"        [_thread_blocked, id=33588, stack(0x000000472c300000,0x000000472c400000) (1024K)]
  0x0000016408207e70 JavaThread "Unconstrained build operations Thread 37"        [_thread_blocked, id=21860, stack(0x000000472c400000,0x000000472c500000) (1024K)]
  0x0000016408206ac0 JavaThread "Unconstrained build operations Thread 38"        [_thread_blocked, id=26992, stack(0x000000472c500000,0x000000472c600000) (1024K)]
=>0x0000016408207150 JavaThread "Unconstrained build operations Thread 39"        [_thread_in_vm, id=7772, stack(0x000000472c600000,0x000000472c700000) (1024K)]
  0x0000016408205080 JavaThread "Unconstrained build operations Thread 40"        [_thread_blocked, id=5292, stack(0x000000472c700000,0x000000472c800000) (1024K)]
  0x000001640820b2f0 JavaThread "pool-3-thread-1"                   [_thread_blocked, id=24956, stack(0x000000472cb00000,0x000000472cc00000) (1024K)]
  0x00000164084d9e70 JavaThread "build event listener"              [_thread_blocked, id=9560, stack(0x000000472cc00000,0x000000472cd00000) (1024K)]
  0x00000164084de010 JavaThread "Cache worker for execution history cache (C:\Users\Sange\New Aqualink\aqua-link-grow-smart\android\.gradle\8.9\executionHistory)"        [_thread_blocked, id=5016, stack(0x000000472cd00000,0x000000472ce00000) (1024K)]
  0x000001647e2ee900 JavaThread "Exec process"                      [_thread_blocked, id=7468, stack(0x000000472ca00000,0x000000472cb00000) (1024K)]
  0x000001647e2ed550 JavaThread "Exec process Thread 2"             [_thread_blocked, id=25060, stack(0x000000472ce00000,0x000000472cf00000) (1024K)]
  0x000001647e2ee270 JavaThread "Exec process Thread 3"             [_thread_blocked, id=33324, stack(0x000000472cf00000,0x000000472d000000) (1024K)]
  0x000001647e2ef620 JavaThread "WorkerExecutor Queue"              [_thread_blocked, id=22880, stack(0x0000004726700000,0x0000004726800000) (1024K)]
  0x000001647e2ec1a0 JavaThread "WorkerExecutor Queue Thread 2"        [_thread_in_native, id=33160, stack(0x0000004726900000,0x0000004726a00000) (1024K)]
  0x000001647e2f0340 JavaThread "WorkerExecutor Queue Thread 3"        [_thread_blocked, id=25696, stack(0x000000472d000000,0x000000472d100000) (1024K)]
  0x000001647e2f2aa0 JavaThread "WorkerExecutor Queue Thread 4"        [_thread_blocked, id=2060, stack(0x000000472d200000,0x000000472d300000) (1024K)]
  0x000001647e2f1060 JavaThread "RMI Scheduler(0)"           daemon [_thread_blocked, id=14104, stack(0x000000472d100000,0x000000472d200000) (1024K)]
  0x000001647e2f16f0 JavaThread "RMI RenewClean-[127.0.0.1:17231,org.jetbrains.kotlin.daemon.common.LoopbackNetworkInterface$ClientLoopbackSocketFactory@6d1a0e4e]" daemon [_thread_blocked, id=28948, stack(0x000000472d300000,0x000000472d400000) (1024K)]
  0x000001647e2f1d80 JavaThread "RMI GC Daemon"              daemon [_thread_blocked, id=6600, stack(0x000000472d400000,0x000000472d500000) (1024K)]
  0x000001647e2f2410 JavaThread "RMI TCP Accept-0"           daemon [_thread_in_native, id=13396, stack(0x000000472d500000,0x000000472d600000) (1024K)]
  0x000001647e2f3130 JavaThread "RMI Reaper"                        [_thread_blocked, id=8368, stack(0x000000472d600000,0x000000472d700000) (1024K)]
  0x000001640a6e14e0 JavaThread "RMI TCP Connection(1)-127.0.0.1" daemon [_thread_in_native, id=15748, stack(0x000000472d700000,0x000000472d800000) (1024K)]
Total: 101

Other Threads:
  0x0000016478810310 VMThread "VM Thread"                           [id=12036, stack(0x0000004727000000,0x0000004727100000) (1024K)]
  0x00000164787fb010 WatcherThread "VM Periodic Task Thread"        [id=33180, stack(0x0000004726f00000,0x0000004727000000) (1024K)]
  0x00000164493cde90 WorkerThread "GC Thread#0"                     [id=20116, stack(0x0000004726a00000,0x0000004726b00000) (1024K)]
  0x000001647d4122e0 WorkerThread "GC Thread#1"                     [id=4428, stack(0x0000004727b00000,0x0000004727c00000) (1024K)]
  0x000001647d412680 WorkerThread "GC Thread#2"                     [id=28684, stack(0x0000004727c00000,0x0000004727d00000) (1024K)]
  0x000001647dde2600 WorkerThread "GC Thread#3"                     [id=32080, stack(0x0000004727e00000,0x0000004727f00000) (1024K)]
  0x00000164470adf70 ConcurrentGCThread "G1 Main Marker"            [id=12184, stack(0x0000004726b00000,0x0000004726c00000) (1024K)]
  0x00000164470ae980 WorkerThread "G1 Conc#0"                       [id=17756, stack(0x0000004726c00000,0x0000004726d00000) (1024K)]
  0x00000164786cd220 ConcurrentGCThread "G1 Refine#0"               [id=23628, stack(0x0000004726d00000,0x0000004726e00000) (1024K)]
  0x00000164786cdca0 ConcurrentGCThread "G1 Service"                [id=29080, stack(0x0000004726e00000,0x0000004726f00000) (1024K)]
Total: 10

Threads with active compile tasks:
Total: 0

VM state: not at safepoint (normal execution)

VM Mutex/Monitor currently owned by a thread:  ([mutex/lock_event])
[0x00007ff8679586b8] Heap_lock - owner thread: 0x0000016408207150

Heap address: 0x0000000600000000, size: 8192 MB, Compressed Oops mode: Zero based, Oop shift amount: 3

CDS archive(s) not mapped
Compressed class space mapped at: 0x0000000800000000-0x0000000840000000, reserved size: 1073741824
Narrow klass base: 0x0000000800000000, Narrow klass shift: 0, Narrow klass range: 0x40000000

GC Precious Log:
 CardTable entry size: 512
 Card Set container configuration: InlinePtr #cards 4 size 8 Array Of Cards #cards 32 size 80 Howl #buckets 8 coarsen threshold 7372 Howl Bitmap #cards 1024 size 144 coarsen threshold 921 Card regions per heap region 1 cards per card region 8192
 CPUs: 4 total, 4 available
 Memory: 7975M
 Large Page Support: Disabled
 NUMA Support: Disabled
 Compressed Oops: Enabled (Zero based)
 Heap Region Size: 4M
 Heap Min Capacity: 8M
 Heap Initial Capacity: 128M
 Heap Max Capacity: 8G
 Pre-touch: Disabled
 Parallel Workers: 4
 Concurrent Workers: 1
 Concurrent Refinement Workers: 4
 Periodic GC: Disabled

Heap:
 garbage-first heap   total 2478080K, used 2403046K [0x0000000600000000, 0x0000000800000000)
  region size 4096K, 6 young (24576K), 2 survivors (8192K)
 Metaspace       used 136757K, committed 139136K, reserved 1179648K
  class space    used 19063K, committed 20224K, reserved 1048576K

Heap Regions: E=young(eden), S=young(survivor), O=old, HS=humongous(starts), HC=humongous(continues), CS=collection set, F=free, TAMS=top-at-mark-start, PB=parsable bottom
|   0|0x0000000600000000, 0x0000000600400000, 0x0000000600400000|100%|HS|  |TAMS 0x0000000600000000| PB 0x0000000600000000| Complete 
|   1|0x0000000600400000, 0x0000000600800000, 0x0000000600800000|100%| O|  |TAMS 0x0000000600400000| PB 0x0000000600400000| Untracked 
|   2|0x0000000600800000, 0x0000000600c00000, 0x0000000600c00000|100%| O|  |TAMS 0x0000000600800000| PB 0x0000000600800000| Untracked 
|   3|0x0000000600c00000, 0x0000000601000000, 0x0000000601000000|100%| O|  |TAMS 0x0000000600c00000| PB 0x0000000600c00000| Untracked 
|   4|0x0000000601000000, 0x0000000601400000, 0x0000000601400000|100%| O|  |TAMS 0x0000000601000000| PB 0x0000000601000000| Untracked 
|   5|0x0000000601400000, 0x0000000601800000, 0x0000000601800000|100%| O|  |TAMS 0x0000000601400000| PB 0x0000000601400000| Untracked 
|   6|0x0000000601800000, 0x0000000601c00000, 0x0000000601c00000|100%| O|  |TAMS 0x0000000601800000| PB 0x0000000601800000| Untracked 
|   7|0x0000000601c00000, 0x0000000602000000, 0x0000000602000000|100%| O|  |TAMS 0x0000000601c00000| PB 0x0000000601c00000| Untracked 
|   8|0x0000000602000000, 0x0000000602400000, 0x0000000602400000|100%| O|  |TAMS 0x0000000602000000| PB 0x0000000602000000| Untracked 
|   9|0x0000000602400000, 0x0000000602800000, 0x0000000602800000|100%| O|  |TAMS 0x0000000602400000| PB 0x0000000602400000| Untracked 
|  10|0x0000000602800000, 0x0000000602c00000, 0x0000000602c00000|100%| O|  |TAMS 0x0000000602800000| PB 0x0000000602800000| Untracked 
|  11|0x0000000602c00000, 0x0000000603000000, 0x0000000603000000|100%| O|  |TAMS 0x0000000602c00000| PB 0x0000000602c00000| Untracked 
|  12|0x0000000603000000, 0x0000000603400000, 0x0000000603400000|100%|HS|  |TAMS 0x0000000603000000| PB 0x0000000603000000| Complete 
|  13|0x0000000603400000, 0x0000000603800000, 0x0000000603800000|100%|HS|  |TAMS 0x0000000603400000| PB 0x0000000603400000| Complete 
|  14|0x0000000603800000, 0x0000000603c00000, 0x0000000603c00000|100%| O|  |TAMS 0x0000000603800000| PB 0x0000000603800000| Untracked 
|  15|0x0000000603c00000, 0x0000000604000000, 0x0000000604000000|100%| O|  |TAMS 0x0000000603c00000| PB 0x0000000603c00000| Untracked 
|  16|0x0000000604000000, 0x0000000604400000, 0x0000000604400000|100%| O|  |TAMS 0x0000000604000000| PB 0x0000000604000000| Untracked 
|  17|0x0000000604400000, 0x0000000604800000, 0x0000000604800000|100%| O|Cm|TAMS 0x0000000604400000| PB 0x0000000604400000| Complete 
|  18|0x0000000604800000, 0x0000000604c00000, 0x0000000604c00000|100%| O|  |TAMS 0x0000000604800000| PB 0x0000000604800000| Untracked 
|  19|0x0000000604c00000, 0x0000000605000000, 0x0000000605000000|100%| O|  |TAMS 0x0000000604c00000| PB 0x0000000604c00000| Untracked 
|  20|0x0000000605000000, 0x0000000605400000, 0x0000000605400000|100%| O|  |TAMS 0x0000000605000000| PB 0x0000000605000000| Untracked 
|  21|0x0000000605400000, 0x0000000605800000, 0x0000000605800000|100%| O|  |TAMS 0x0000000605400000| PB 0x0000000605400000| Untracked 
|  22|0x0000000605800000, 0x0000000605c00000, 0x0000000605c00000|100%| O|  |TAMS 0x0000000605800000| PB 0x0000000605800000| Untracked 
|  23|0x0000000605c00000, 0x0000000606000000, 0x0000000606000000|100%| O|  |TAMS 0x0000000605c00000| PB 0x0000000605c00000| Untracked 
|  24|0x0000000606000000, 0x0000000606400000, 0x0000000606400000|100%| O|  |TAMS 0x0000000606000000| PB 0x0000000606000000| Untracked 
|  25|0x0000000606400000, 0x0000000606800000, 0x0000000606800000|100%| O|  |TAMS 0x0000000606400000| PB 0x0000000606400000| Untracked 
|  26|0x0000000606800000, 0x0000000606c00000, 0x0000000606c00000|100%| O|  |TAMS 0x0000000606800000| PB 0x0000000606800000| Untracked 
|  27|0x0000000606c00000, 0x0000000607000000, 0x0000000607000000|100%| O|  |TAMS 0x0000000606c00000| PB 0x0000000606c00000| Untracked 
|  28|0x0000000607000000, 0x0000000607400000, 0x0000000607400000|100%| O|  |TAMS 0x0000000607000000| PB 0x0000000607000000| Untracked 
|  29|0x0000000607400000, 0x0000000607800000, 0x0000000607800000|100%| O|  |TAMS 0x0000000607400000| PB 0x0000000607400000| Untracked 
|  30|0x0000000607800000, 0x0000000607c00000, 0x0000000607c00000|100%|HS|  |TAMS 0x0000000607800000| PB 0x0000000607800000| Complete 
|  31|0x0000000607c00000, 0x0000000608000000, 0x0000000608000000|100%| O|  |TAMS 0x0000000607c00000| PB 0x0000000607c00000| Untracked 
|  32|0x0000000608000000, 0x0000000608400000, 0x0000000608400000|100%| O|  |TAMS 0x0000000608000000| PB 0x0000000608000000| Untracked 
|  33|0x0000000608400000, 0x0000000608800000, 0x0000000608800000|100%| O|  |TAMS 0x0000000608400000| PB 0x0000000608400000| Untracked 
|  34|0x0000000608800000, 0x0000000608c00000, 0x0000000608c00000|100%| O|  |TAMS 0x0000000608800000| PB 0x0000000608800000| Untracked 
|  35|0x0000000608c00000, 0x0000000609000000, 0x0000000609000000|100%| O|  |TAMS 0x0000000608c00000| PB 0x0000000608c00000| Untracked 
|  36|0x0000000609000000, 0x0000000609400000, 0x0000000609400000|100%| O|  |TAMS 0x0000000609000000| PB 0x0000000609000000| Untracked 
|  37|0x0000000609400000, 0x0000000609800000, 0x0000000609800000|100%| O|  |TAMS 0x0000000609400000| PB 0x0000000609400000| Untracked 
|  38|0x0000000609800000, 0x0000000609c00000, 0x0000000609c00000|100%| O|  |TAMS 0x0000000609800000| PB 0x0000000609800000| Untracked 
|  39|0x0000000609c00000, 0x0000000609f95740, 0x000000060a000000| 89%| O|  |TAMS 0x0000000609c00000| PB 0x0000000609c00000| Untracked 
|  40|0x000000060a000000, 0x000000060a400000, 0x000000060a400000|100%|HS|  |TAMS 0x000000060a000000| PB 0x000000060a000000| Complete 
|  41|0x000000060a400000, 0x000000060a800000, 0x000000060a800000|100%|HS|  |TAMS 0x000000060a400000| PB 0x000000060a400000| Complete 
|  42|0x000000060a800000, 0x000000060ac00000, 0x000000060ac00000|100%|HC|  |TAMS 0x000000060a800000| PB 0x000000060a800000| Complete 
|  43|0x000000060ac00000, 0x000000060b000000, 0x000000060b000000|100%|HS|  |TAMS 0x000000060ac00000| PB 0x000000060ac00000| Complete 
|  44|0x000000060b000000, 0x000000060b400000, 0x000000060b400000|100%|HC|  |TAMS 0x000000060b000000| PB 0x000000060b000000| Complete 
|  45|0x000000060b400000, 0x000000060b800000, 0x000000060b800000|100%|HC|  |TAMS 0x000000060b400000| PB 0x000000060b400000| Complete 
|  46|0x000000060b800000, 0x000000060bc00000, 0x000000060bc00000|100%|HS|  |TAMS 0x000000060b800000| PB 0x000000060b800000| Complete 
|  47|0x000000060bc00000, 0x000000060c000000, 0x000000060c000000|100%|HC|  |TAMS 0x000000060bc00000| PB 0x000000060bc00000| Complete 
|  48|0x000000060c000000, 0x000000060c400000, 0x000000060c400000|100%|HC|  |TAMS 0x000000060c000000| PB 0x000000060c000000| Complete 
|  49|0x000000060c400000, 0x000000060c800000, 0x000000060c800000|100%|HC|  |TAMS 0x000000060c400000| PB 0x000000060c400000| Complete 
|  50|0x000000060c800000, 0x000000060cc00000, 0x000000060cc00000|100%|HC|  |TAMS 0x000000060c800000| PB 0x000000060c800000| Complete 
|  51|0x000000060cc00000, 0x000000060d000000, 0x000000060d000000|100%|HS|  |TAMS 0x000000060cc00000| PB 0x000000060cc00000| Complete 
|  52|0x000000060d000000, 0x000000060d400000, 0x000000060d400000|100%| S|CS|TAMS 0x000000060d000000| PB 0x000000060d000000| Complete 
|  53|0x000000060d400000, 0x000000060d800000, 0x000000060d800000|100%| S|CS|TAMS 0x000000060d400000| PB 0x000000060d400000| Complete 
|  54|0x000000060d800000, 0x000000060dc00000, 0x000000060dc00000|100%|HS|  |TAMS 0x000000060d800000| PB 0x000000060d800000| Complete 
|  55|0x000000060dc00000, 0x000000060e000000, 0x000000060e000000|100%|HC|  |TAMS 0x000000060dc00000| PB 0x000000060dc00000| Complete 
|  56|0x000000060e000000, 0x000000060e400000, 0x000000060e400000|100%|HC|  |TAMS 0x000000060e000000| PB 0x000000060e000000| Complete 
|  57|0x000000060e400000, 0x000000060e800000, 0x000000060e800000|100%|HC|  |TAMS 0x000000060e400000| PB 0x000000060e400000| Complete 
|  58|0x000000060e800000, 0x000000060ec00000, 0x000000060ec00000|100%|HC|  |TAMS 0x000000060e800000| PB 0x000000060e800000| Complete 
|  59|0x000000060ec00000, 0x000000060f000000, 0x000000060f000000|100%|HC|  |TAMS 0x000000060ec00000| PB 0x000000060ec00000| Complete 
|  60|0x000000060f000000, 0x000000060f400000, 0x000000060f400000|100%|HC|  |TAMS 0x000000060f000000| PB 0x000000060f000000| Complete 
|  61|0x000000060f400000, 0x000000060f800000, 0x000000060f800000|100%|HC|  |TAMS 0x000000060f400000| PB 0x000000060f400000| Complete 
|  62|0x000000060f800000, 0x000000060fc00000, 0x000000060fc00000|100%|HC|  |TAMS 0x000000060f800000| PB 0x000000060f800000| Complete 
|  63|0x000000060fc00000, 0x0000000610000000, 0x0000000610000000|100%|HS|  |TAMS 0x000000060fc00000| PB 0x000000060fc00000| Complete 
|  64|0x0000000610000000, 0x0000000610400000, 0x0000000610400000|100%|HC|  |TAMS 0x0000000610000000| PB 0x0000000610000000| Complete 
|  65|0x0000000610400000, 0x00000006107243f8, 0x0000000610800000| 78%| E|  |TAMS 0x0000000610400000| PB 0x0000000610400000| Complete 
|  66|0x0000000610800000, 0x0000000610c00000, 0x0000000610c00000|100%| E|CS|TAMS 0x0000000610800000| PB 0x0000000610800000| Complete 
|  67|0x0000000610c00000, 0x0000000611000000, 0x0000000611000000|100%| E|CS|TAMS 0x0000000610c00000| PB 0x0000000610c00000| Complete 
|  68|0x0000000611000000, 0x0000000611400000, 0x0000000611400000|100%| E|CS|TAMS 0x0000000611000000| PB 0x0000000611000000| Complete 
|  69|0x0000000611400000, 0x0000000611800000, 0x0000000611800000|100%|HS|  |TAMS 0x0000000611400000| PB 0x0000000611400000| Complete 
|  70|0x0000000611800000, 0x0000000611c00000, 0x0000000611c00000|100%|HC|  |TAMS 0x0000000611800000| PB 0x0000000611800000| Complete 
|  71|0x0000000611c00000, 0x0000000612000000, 0x0000000612000000|100%|HC|  |TAMS 0x0000000611c00000| PB 0x0000000611c00000| Complete 
|  72|0x0000000612000000, 0x0000000612400000, 0x0000000612400000|100%|HC|  |TAMS 0x0000000612000000| PB 0x0000000612000000| Complete 
|  73|0x0000000612400000, 0x0000000612800000, 0x0000000612800000|100%|HC|  |TAMS 0x0000000612400000| PB 0x0000000612400000| Complete 
|  74|0x0000000612800000, 0x0000000612c00000, 0x0000000612c00000|100%|HC|  |TAMS 0x0000000612800000| PB 0x0000000612800000| Complete 
|  75|0x0000000612c00000, 0x0000000613000000, 0x0000000613000000|100%|HC|  |TAMS 0x0000000612c00000| PB 0x0000000612c00000| Complete 
|  76|0x0000000613000000, 0x0000000613400000, 0x0000000613400000|100%|HC|  |TAMS 0x0000000613000000| PB 0x0000000613000000| Complete 
|  77|0x0000000613400000, 0x0000000613800000, 0x0000000613800000|100%|HC|  |TAMS 0x0000000613400000| PB 0x0000000613400000| Complete 
|  78|0x0000000613800000, 0x0000000613c00000, 0x0000000613c00000|100%|HC|  |TAMS 0x0000000613800000| PB 0x0000000613800000| Complete 
|  79|0x0000000613c00000, 0x0000000614000000, 0x0000000614000000|100%|HC|  |TAMS 0x0000000613c00000| PB 0x0000000613c00000| Complete 
|  80|0x0000000614000000, 0x0000000614400000, 0x0000000614400000|100%|HS|  |TAMS 0x0000000614000000| PB 0x0000000614000000| Complete 
|  81|0x0000000614400000, 0x0000000614800000, 0x0000000614800000|100%|HC|  |TAMS 0x0000000614400000| PB 0x0000000614400000| Complete 
|  82|0x0000000614800000, 0x0000000614c00000, 0x0000000614c00000|100%|HC|  |TAMS 0x0000000614800000| PB 0x0000000614800000| Complete 
|  83|0x0000000614c00000, 0x0000000615000000, 0x0000000615000000|100%|HC|  |TAMS 0x0000000614c00000| PB 0x0000000614c00000| Complete 
|  84|0x0000000615000000, 0x0000000615400000, 0x0000000615400000|100%|HC|  |TAMS 0x0000000615000000| PB 0x0000000615000000| Complete 
|  85|0x0000000615400000, 0x0000000615800000, 0x0000000615800000|100%|HC|  |TAMS 0x0000000615400000| PB 0x0000000615400000| Complete 
|  86|0x0000000615800000, 0x0000000615c00000, 0x0000000615c00000|100%|HC|  |TAMS 0x0000000615800000| PB 0x0000000615800000| Complete 
|  87|0x0000000615c00000, 0x0000000616000000, 0x0000000616000000|100%|HC|  |TAMS 0x0000000615c00000| PB 0x0000000615c00000| Complete 
|  88|0x0000000616000000, 0x0000000616400000, 0x0000000616400000|100%|HC|  |TAMS 0x0000000616000000| PB 0x0000000616000000| Complete 
|  89|0x0000000616400000, 0x0000000616800000, 0x0000000616800000|100%|HC|  |TAMS 0x0000000616400000| PB 0x0000000616400000| Complete 
|  90|0x0000000616800000, 0x0000000616c00000, 0x0000000616c00000|100%|HC|  |TAMS 0x0000000616800000| PB 0x0000000616800000| Complete 
|  91|0x0000000616c00000, 0x0000000617000000, 0x0000000617000000|100%|HS|  |TAMS 0x0000000616c00000| PB 0x0000000616c00000| Complete 
|  92|0x0000000617000000, 0x0000000617400000, 0x0000000617400000|100%|HC|  |TAMS 0x0000000617000000| PB 0x0000000617000000| Complete 
|  93|0x0000000617400000, 0x0000000617800000, 0x0000000617800000|100%|HC|  |TAMS 0x0000000617400000| PB 0x0000000617400000| Complete 
|  94|0x0000000617800000, 0x0000000617c00000, 0x0000000617c00000|100%|HC|  |TAMS 0x0000000617800000| PB 0x0000000617800000| Complete 
|  95|0x0000000617c00000, 0x0000000618000000, 0x0000000618000000|100%|HC|  |TAMS 0x0000000617c00000| PB 0x0000000617c00000| Complete 
|  96|0x0000000618000000, 0x0000000618400000, 0x0000000618400000|100%|HC|  |TAMS 0x0000000618000000| PB 0x0000000618000000| Complete 
|  97|0x0000000618400000, 0x0000000618800000, 0x0000000618800000|100%|HC|  |TAMS 0x0000000618400000| PB 0x0000000618400000| Complete 
|  98|0x0000000618800000, 0x0000000618c00000, 0x0000000618c00000|100%|HC|  |TAMS 0x0000000618800000| PB 0x0000000618800000| Complete 
|  99|0x0000000618c00000, 0x0000000619000000, 0x0000000619000000|100%|HC|  |TAMS 0x0000000618c00000| PB 0x0000000618c00000| Complete 
| 100|0x0000000619000000, 0x0000000619400000, 0x0000000619400000|100%|HC|  |TAMS 0x0000000619000000| PB 0x0000000619000000| Complete 
| 101|0x0000000619400000, 0x0000000619800000, 0x0000000619800000|100%|HC|  |TAMS 0x0000000619400000| PB 0x0000000619400000| Complete 
| 102|0x0000000619800000, 0x0000000619c00000, 0x0000000619c00000|100%|HC|  |TAMS 0x0000000619800000| PB 0x0000000619800000| Complete 
| 103|0x0000000619c00000, 0x000000061a000000, 0x000000061a000000|100%|HC|  |TAMS 0x0000000619c00000| PB 0x0000000619c00000| Complete 
| 104|0x000000061a000000, 0x000000061a400000, 0x000000061a400000|100%|HC|  |TAMS 0x000000061a000000| PB 0x000000061a000000| Complete 
| 105|0x000000061a400000, 0x000000061a800000, 0x000000061a800000|100%|HC|  |TAMS 0x000000061a400000| PB 0x000000061a400000| Complete 
| 106|0x000000061a800000, 0x000000061ac00000, 0x000000061ac00000|100%|HC|  |TAMS 0x000000061a800000| PB 0x000000061a800000| Complete 
| 107|0x000000061ac00000, 0x000000061b000000, 0x000000061b000000|100%|HC|  |TAMS 0x000000061ac00000| PB 0x000000061ac00000| Complete 
| 108|0x000000061b000000, 0x000000061b400000, 0x000000061b400000|100%|HC|  |TAMS 0x000000061b000000| PB 0x000000061b000000| Complete 
| 109|0x000000061b400000, 0x000000061b800000, 0x000000061b800000|100%|HC|  |TAMS 0x000000061b400000| PB 0x000000061b400000| Complete 
| 110|0x000000061b800000, 0x000000061bc00000, 0x000000061bc00000|100%|HC|  |TAMS 0x000000061b800000| PB 0x000000061b800000| Complete 
| 111|0x000000061bc00000, 0x000000061c000000, 0x000000061c000000|100%|HC|  |TAMS 0x000000061bc00000| PB 0x000000061bc00000| Complete 
| 112|0x000000061c000000, 0x000000061c400000, 0x000000061c400000|100%|HC|  |TAMS 0x000000061c000000| PB 0x000000061c000000| Complete 
| 113|0x000000061c400000, 0x000000061c800000, 0x000000061c800000|100%|HC|  |TAMS 0x000000061c400000| PB 0x000000061c400000| Complete 
| 114|0x000000061c800000, 0x000000061cc00000, 0x000000061cc00000|100%|HC|  |TAMS 0x000000061c800000| PB 0x000000061c800000| Complete 
| 115|0x000000061cc00000, 0x000000061d000000, 0x000000061d000000|100%|HC|  |TAMS 0x000000061cc00000| PB 0x000000061cc00000| Complete 
| 116|0x000000061d000000, 0x000000061d400000, 0x000000061d400000|100%|HC|  |TAMS 0x000000061d000000| PB 0x000000061d000000| Complete 
| 117|0x000000061d400000, 0x000000061d800000, 0x000000061d800000|100%|HC|  |TAMS 0x000000061d400000| PB 0x000000061d400000| Complete 
| 118|0x000000061d800000, 0x000000061dc00000, 0x000000061dc00000|100%|HC|  |TAMS 0x000000061d800000| PB 0x000000061d800000| Complete 
| 119|0x000000061dc00000, 0x000000061e000000, 0x000000061e000000|100%|HC|  |TAMS 0x000000061dc00000| PB 0x000000061dc00000| Complete 
| 120|0x000000061e000000, 0x000000061e400000, 0x000000061e400000|100%|HC|  |TAMS 0x000000061e000000| PB 0x000000061e000000| Complete 
| 121|0x000000061e400000, 0x000000061e800000, 0x000000061e800000|100%|HC|  |TAMS 0x000000061e400000| PB 0x000000061e400000| Complete 
| 122|0x000000061e800000, 0x000000061ec00000, 0x000000061ec00000|100%|HC|  |TAMS 0x000000061e800000| PB 0x000000061e800000| Complete 
| 123|0x000000061ec00000, 0x000000061f000000, 0x000000061f000000|100%|HC|  |TAMS 0x000000061ec00000| PB 0x000000061ec00000| Complete 
| 124|0x000000061f000000, 0x000000061f400000, 0x000000061f400000|100%|HC|  |TAMS 0x000000061f000000| PB 0x000000061f000000| Complete 
| 125|0x000000061f400000, 0x000000061f800000, 0x000000061f800000|100%|HC|  |TAMS 0x000000061f400000| PB 0x000000061f400000| Complete 
| 126|0x000000061f800000, 0x000000061fc00000, 0x000000061fc00000|100%|HC|  |TAMS 0x000000061f800000| PB 0x000000061f800000| Complete 
| 127|0x000000061fc00000, 0x0000000620000000, 0x0000000620000000|100%|HC|  |TAMS 0x000000061fc00000| PB 0x000000061fc00000| Complete 
| 128|0x0000000620000000, 0x0000000620400000, 0x0000000620400000|100%|HC|  |TAMS 0x0000000620000000| PB 0x0000000620000000| Complete 
| 129|0x0000000620400000, 0x0000000620800000, 0x0000000620800000|100%|HS|  |TAMS 0x0000000620400000| PB 0x0000000620400000| Complete 
| 130|0x0000000620800000, 0x0000000620c00000, 0x0000000620c00000|100%|HC|  |TAMS 0x0000000620800000| PB 0x0000000620800000| Complete 
| 131|0x0000000620c00000, 0x0000000621000000, 0x0000000621000000|100%|HC|  |TAMS 0x0000000620c00000| PB 0x0000000620c00000| Complete 
| 132|0x0000000621000000, 0x0000000621400000, 0x0000000621400000|100%|HC|  |TAMS 0x0000000621000000| PB 0x0000000621000000| Complete 
| 133|0x0000000621400000, 0x0000000621800000, 0x0000000621800000|100%|HC|  |TAMS 0x0000000621400000| PB 0x0000000621400000| Complete 
| 134|0x0000000621800000, 0x0000000621c00000, 0x0000000621c00000|100%|HC|  |TAMS 0x0000000621800000| PB 0x0000000621800000| Complete 
| 135|0x0000000621c00000, 0x0000000622000000, 0x0000000622000000|100%|HC|  |TAMS 0x0000000621c00000| PB 0x0000000621c00000| Complete 
| 136|0x0000000622000000, 0x0000000622400000, 0x0000000622400000|100%|HC|  |TAMS 0x0000000622000000| PB 0x0000000622000000| Complete 
| 137|0x0000000622400000, 0x0000000622800000, 0x0000000622800000|100%|HC|  |TAMS 0x0000000622400000| PB 0x0000000622400000| Complete 
| 138|0x0000000622800000, 0x0000000622c00000, 0x0000000622c00000|100%|HC|  |TAMS 0x0000000622800000| PB 0x0000000622800000| Complete 
| 139|0x0000000622c00000, 0x0000000623000000, 0x0000000623000000|100%|HC|  |TAMS 0x0000000622c00000| PB 0x0000000622c00000| Complete 
| 140|0x0000000623000000, 0x0000000623400000, 0x0000000623400000|100%|HC|  |TAMS 0x0000000623000000| PB 0x0000000623000000| Complete 
| 141|0x0000000623400000, 0x0000000623800000, 0x0000000623800000|100%|HC|  |TAMS 0x0000000623400000| PB 0x0000000623400000| Complete 
| 142|0x0000000623800000, 0x0000000623c00000, 0x0000000623c00000|100%|HC|  |TAMS 0x0000000623800000| PB 0x0000000623800000| Complete 
| 143|0x0000000623c00000, 0x0000000624000000, 0x0000000624000000|100%|HC|  |TAMS 0x0000000623c00000| PB 0x0000000623c00000| Complete 
| 144|0x0000000624000000, 0x0000000624400000, 0x0000000624400000|100%|HC|  |TAMS 0x0000000624000000| PB 0x0000000624000000| Complete 
| 145|0x0000000624400000, 0x0000000624800000, 0x0000000624800000|100%|HC|  |TAMS 0x0000000624400000| PB 0x0000000624400000| Complete 
| 146|0x0000000624800000, 0x0000000624c00000, 0x0000000624c00000|100%|HS|  |TAMS 0x0000000624800000| PB 0x0000000624800000| Complete 
| 147|0x0000000624c00000, 0x0000000625000000, 0x0000000625000000|100%|HC|  |TAMS 0x0000000624c00000| PB 0x0000000624c00000| Complete 
| 148|0x0000000625000000, 0x0000000625400000, 0x0000000625400000|100%|HC|  |TAMS 0x0000000625000000| PB 0x0000000625000000| Complete 
| 149|0x0000000625400000, 0x0000000625800000, 0x0000000625800000|100%|HC|  |TAMS 0x0000000625400000| PB 0x0000000625400000| Complete 
| 150|0x0000000625800000, 0x0000000625c00000, 0x0000000625c00000|100%|HC|  |TAMS 0x0000000625800000| PB 0x0000000625800000| Complete 
| 151|0x0000000625c00000, 0x0000000626000000, 0x0000000626000000|100%|HC|  |TAMS 0x0000000625c00000| PB 0x0000000625c00000| Complete 
| 152|0x0000000626000000, 0x0000000626400000, 0x0000000626400000|100%|HC|  |TAMS 0x0000000626000000| PB 0x0000000626000000| Complete 
| 153|0x0000000626400000, 0x0000000626800000, 0x0000000626800000|100%|HC|  |TAMS 0x0000000626400000| PB 0x0000000626400000| Complete 
| 154|0x0000000626800000, 0x0000000626c00000, 0x0000000626c00000|100%|HC|  |TAMS 0x0000000626800000| PB 0x0000000626800000| Complete 
| 155|0x0000000626c00000, 0x0000000627000000, 0x0000000627000000|100%|HC|  |TAMS 0x0000000626c00000| PB 0x0000000626c00000| Complete 
| 156|0x0000000627000000, 0x0000000627400000, 0x0000000627400000|100%|HC|  |TAMS 0x0000000627000000| PB 0x0000000627000000| Complete 
| 157|0x0000000627400000, 0x0000000627800000, 0x0000000627800000|100%|HC|  |TAMS 0x0000000627400000| PB 0x0000000627400000| Complete 
| 158|0x0000000627800000, 0x0000000627c00000, 0x0000000627c00000|100%|HC|  |TAMS 0x0000000627800000| PB 0x0000000627800000| Complete 
| 159|0x0000000627c00000, 0x0000000628000000, 0x0000000628000000|100%|HC|  |TAMS 0x0000000627c00000| PB 0x0000000627c00000| Complete 
| 160|0x0000000628000000, 0x0000000628400000, 0x0000000628400000|100%|HC|  |TAMS 0x0000000628000000| PB 0x0000000628000000| Complete 
| 161|0x0000000628400000, 0x0000000628800000, 0x0000000628800000|100%|HC|  |TAMS 0x0000000628400000| PB 0x0000000628400000| Complete 
| 162|0x0000000628800000, 0x0000000628c00000, 0x0000000628c00000|100%|HC|  |TAMS 0x0000000628800000| PB 0x0000000628800000| Complete 
| 163|0x0000000628c00000, 0x0000000629000000, 0x0000000629000000|100%|HC|  |TAMS 0x0000000628c00000| PB 0x0000000628c00000| Complete 
| 164|0x0000000629000000, 0x0000000629400000, 0x0000000629400000|100%|HC|  |TAMS 0x0000000629000000| PB 0x0000000629000000| Complete 
| 165|0x0000000629400000, 0x0000000629800000, 0x0000000629800000|100%|HC|  |TAMS 0x0000000629400000| PB 0x0000000629400000| Complete 
| 166|0x0000000629800000, 0x0000000629c00000, 0x0000000629c00000|100%|HC|  |TAMS 0x0000000629800000| PB 0x0000000629800000| Complete 
| 167|0x0000000629c00000, 0x000000062a000000, 0x000000062a000000|100%|HC|  |TAMS 0x0000000629c00000| PB 0x0000000629c00000| Complete 
| 168|0x000000062a000000, 0x000000062a400000, 0x000000062a400000|100%|HC|  |TAMS 0x000000062a000000| PB 0x000000062a000000| Complete 
| 169|0x000000062a400000, 0x000000062a800000, 0x000000062a800000|100%|HC|  |TAMS 0x000000062a400000| PB 0x000000062a400000| Complete 
| 170|0x000000062a800000, 0x000000062ac00000, 0x000000062ac00000|100%|HC|  |TAMS 0x000000062a800000| PB 0x000000062a800000| Complete 
| 171|0x000000062ac00000, 0x000000062b000000, 0x000000062b000000|100%|HC|  |TAMS 0x000000062ac00000| PB 0x000000062ac00000| Complete 
| 172|0x000000062b000000, 0x000000062b400000, 0x000000062b400000|100%|HC|  |TAMS 0x000000062b000000| PB 0x000000062b000000| Complete 
| 173|0x000000062b400000, 0x000000062b800000, 0x000000062b800000|100%|HC|  |TAMS 0x000000062b400000| PB 0x000000062b400000| Complete 
| 174|0x000000062b800000, 0x000000062bc00000, 0x000000062bc00000|100%|HC|  |TAMS 0x000000062b800000| PB 0x000000062b800000| Complete 
| 175|0x000000062bc00000, 0x000000062c000000, 0x000000062c000000|100%|HC|  |TAMS 0x000000062bc00000| PB 0x000000062bc00000| Complete 
| 176|0x000000062c000000, 0x000000062c400000, 0x000000062c400000|100%|HC|  |TAMS 0x000000062c000000| PB 0x000000062c000000| Complete 
| 177|0x000000062c400000, 0x000000062c800000, 0x000000062c800000|100%|HC|  |TAMS 0x000000062c400000| PB 0x000000062c400000| Complete 
| 178|0x000000062c800000, 0x000000062cc00000, 0x000000062cc00000|100%|HC|  |TAMS 0x000000062c800000| PB 0x000000062c800000| Complete 
| 179|0x000000062cc00000, 0x000000062d000000, 0x000000062d000000|100%|HS|  |TAMS 0x000000062cc00000| PB 0x000000062cc00000| Complete 
| 180|0x000000062d000000, 0x000000062d400000, 0x000000062d400000|100%|HC|  |TAMS 0x000000062d000000| PB 0x000000062d000000| Complete 
| 181|0x000000062d400000, 0x000000062d800000, 0x000000062d800000|100%|HC|  |TAMS 0x000000062d400000| PB 0x000000062d400000| Complete 
| 182|0x000000062d800000, 0x000000062dc00000, 0x000000062dc00000|100%|HC|  |TAMS 0x000000062d800000| PB 0x000000062d800000| Complete 
| 183|0x000000062dc00000, 0x000000062e000000, 0x000000062e000000|100%|HC|  |TAMS 0x000000062dc00000| PB 0x000000062dc00000| Complete 
| 184|0x000000062e000000, 0x000000062e400000, 0x000000062e400000|100%|HC|  |TAMS 0x000000062e000000| PB 0x000000062e000000| Complete 
| 185|0x000000062e400000, 0x000000062e800000, 0x000000062e800000|100%|HC|  |TAMS 0x000000062e400000| PB 0x000000062e400000| Complete 
| 186|0x000000062e800000, 0x000000062ec00000, 0x000000062ec00000|100%|HC|  |TAMS 0x000000062e800000| PB 0x000000062e800000| Complete 
| 187|0x000000062ec00000, 0x000000062f000000, 0x000000062f000000|100%|HC|  |TAMS 0x000000062ec00000| PB 0x000000062ec00000| Complete 
| 188|0x000000062f000000, 0x000000062f400000, 0x000000062f400000|100%|HC|  |TAMS 0x000000062f000000| PB 0x000000062f000000| Complete 
| 189|0x000000062f400000, 0x000000062f800000, 0x000000062f800000|100%|HC|  |TAMS 0x000000062f400000| PB 0x000000062f400000| Complete 
| 190|0x000000062f800000, 0x000000062fc00000, 0x000000062fc00000|100%|HC|  |TAMS 0x000000062f800000| PB 0x000000062f800000| Complete 
| 191|0x000000062fc00000, 0x0000000630000000, 0x0000000630000000|100%|HC|  |TAMS 0x000000062fc00000| PB 0x000000062fc00000| Complete 
| 192|0x0000000630000000, 0x0000000630400000, 0x0000000630400000|100%|HC|  |TAMS 0x0000000630000000| PB 0x0000000630000000| Complete 
| 193|0x0000000630400000, 0x0000000630800000, 0x0000000630800000|100%|HC|  |TAMS 0x0000000630400000| PB 0x0000000630400000| Complete 
| 194|0x0000000630800000, 0x0000000630c00000, 0x0000000630c00000|100%|HC|  |TAMS 0x0000000630800000| PB 0x0000000630800000| Complete 
| 195|0x0000000630c00000, 0x0000000631000000, 0x0000000631000000|100%|HC|  |TAMS 0x0000000630c00000| PB 0x0000000630c00000| Complete 
| 196|0x0000000631000000, 0x0000000631400000, 0x0000000631400000|100%|HC|  |TAMS 0x0000000631000000| PB 0x0000000631000000| Complete 
| 197|0x0000000631400000, 0x0000000631800000, 0x0000000631800000|100%|HC|  |TAMS 0x0000000631400000| PB 0x0000000631400000| Complete 
| 198|0x0000000631800000, 0x0000000631c00000, 0x0000000631c00000|100%|HC|  |TAMS 0x0000000631800000| PB 0x0000000631800000| Complete 
| 199|0x0000000631c00000, 0x0000000632000000, 0x0000000632000000|100%|HC|  |TAMS 0x0000000631c00000| PB 0x0000000631c00000| Complete 
| 200|0x0000000632000000, 0x0000000632400000, 0x0000000632400000|100%|HC|  |TAMS 0x0000000632000000| PB 0x0000000632000000| Complete 
| 201|0x0000000632400000, 0x0000000632800000, 0x0000000632800000|100%|HC|  |TAMS 0x0000000632400000| PB 0x0000000632400000| Complete 
| 202|0x0000000632800000, 0x0000000632c00000, 0x0000000632c00000|100%|HC|  |TAMS 0x0000000632800000| PB 0x0000000632800000| Complete 
| 203|0x0000000632c00000, 0x0000000633000000, 0x0000000633000000|100%|HC|  |TAMS 0x0000000632c00000| PB 0x0000000632c00000| Complete 
| 204|0x0000000633000000, 0x0000000633400000, 0x0000000633400000|100%|HC|  |TAMS 0x0000000633000000| PB 0x0000000633000000| Complete 
| 205|0x0000000633400000, 0x0000000633800000, 0x0000000633800000|100%|HC|  |TAMS 0x0000000633400000| PB 0x0000000633400000| Complete 
| 206|0x0000000633800000, 0x0000000633c00000, 0x0000000633c00000|100%|HC|  |TAMS 0x0000000633800000| PB 0x0000000633800000| Complete 
| 207|0x0000000633c00000, 0x0000000634000000, 0x0000000634000000|100%|HC|  |TAMS 0x0000000633c00000| PB 0x0000000633c00000| Complete 
| 208|0x0000000634000000, 0x0000000634400000, 0x0000000634400000|100%|HC|  |TAMS 0x0000000634000000| PB 0x0000000634000000| Complete 
| 209|0x0000000634400000, 0x0000000634800000, 0x0000000634800000|100%|HC|  |TAMS 0x0000000634400000| PB 0x0000000634400000| Complete 
| 210|0x0000000634800000, 0x0000000634c00000, 0x0000000634c00000|100%|HC|  |TAMS 0x0000000634800000| PB 0x0000000634800000| Complete 
| 211|0x0000000634c00000, 0x0000000635000000, 0x0000000635000000|100%|HC|  |TAMS 0x0000000634c00000| PB 0x0000000634c00000| Complete 
| 212|0x0000000635000000, 0x0000000635400000, 0x0000000635400000|100%|HC|  |TAMS 0x0000000635000000| PB 0x0000000635000000| Complete 
| 213|0x0000000635400000, 0x0000000635800000, 0x0000000635800000|100%|HC|  |TAMS 0x0000000635400000| PB 0x0000000635400000| Complete 
| 214|0x0000000635800000, 0x0000000635c00000, 0x0000000635c00000|100%|HC|  |TAMS 0x0000000635800000| PB 0x0000000635800000| Complete 
| 215|0x0000000635c00000, 0x0000000636000000, 0x0000000636000000|100%|HC|  |TAMS 0x0000000635c00000| PB 0x0000000635c00000| Complete 
| 216|0x0000000636000000, 0x0000000636400000, 0x0000000636400000|100%|HC|  |TAMS 0x0000000636000000| PB 0x0000000636000000| Complete 
| 217|0x0000000636400000, 0x0000000636800000, 0x0000000636800000|100%|HC|  |TAMS 0x0000000636400000| PB 0x0000000636400000| Complete 
| 218|0x0000000636800000, 0x0000000636c00000, 0x0000000636c00000|100%|HC|  |TAMS 0x0000000636800000| PB 0x0000000636800000| Complete 
| 219|0x0000000636c00000, 0x0000000637000000, 0x0000000637000000|100%|HC|  |TAMS 0x0000000636c00000| PB 0x0000000636c00000| Complete 
| 220|0x0000000637000000, 0x0000000637400000, 0x0000000637400000|100%|HC|  |TAMS 0x0000000637000000| PB 0x0000000637000000| Complete 
| 221|0x0000000637400000, 0x0000000637800000, 0x0000000637800000|100%|HC|  |TAMS 0x0000000637400000| PB 0x0000000637400000| Complete 
| 222|0x0000000637800000, 0x0000000637c00000, 0x0000000637c00000|100%|HC|  |TAMS 0x0000000637800000| PB 0x0000000637800000| Complete 
| 223|0x0000000637c00000, 0x0000000638000000, 0x0000000638000000|100%|HC|  |TAMS 0x0000000637c00000| PB 0x0000000637c00000| Complete 
| 224|0x0000000638000000, 0x0000000638400000, 0x0000000638400000|100%|HC|  |TAMS 0x0000000638000000| PB 0x0000000638000000| Complete 
| 225|0x0000000638400000, 0x0000000638800000, 0x0000000638800000|100%|HC|  |TAMS 0x0000000638400000| PB 0x0000000638400000| Complete 
| 226|0x0000000638800000, 0x0000000638c00000, 0x0000000638c00000|100%|HC|  |TAMS 0x0000000638800000| PB 0x0000000638800000| Complete 
| 227|0x0000000638c00000, 0x0000000639000000, 0x0000000639000000|100%|HC|  |TAMS 0x0000000638c00000| PB 0x0000000638c00000| Complete 
| 228|0x0000000639000000, 0x0000000639400000, 0x0000000639400000|100%|HC|  |TAMS 0x0000000639000000| PB 0x0000000639000000| Complete 
| 229|0x0000000639400000, 0x0000000639800000, 0x0000000639800000|100%|HC|  |TAMS 0x0000000639400000| PB 0x0000000639400000| Complete 
| 230|0x0000000639800000, 0x0000000639c00000, 0x0000000639c00000|100%|HC|  |TAMS 0x0000000639800000| PB 0x0000000639800000| Complete 
| 231|0x0000000639c00000, 0x000000063a000000, 0x000000063a000000|100%|HC|  |TAMS 0x0000000639c00000| PB 0x0000000639c00000| Complete 
| 232|0x000000063a000000, 0x000000063a400000, 0x000000063a400000|100%|HC|  |TAMS 0x000000063a000000| PB 0x000000063a000000| Complete 
| 233|0x000000063a400000, 0x000000063a800000, 0x000000063a800000|100%|HC|  |TAMS 0x000000063a400000| PB 0x000000063a400000| Complete 
| 234|0x000000063a800000, 0x000000063ac00000, 0x000000063ac00000|100%|HC|  |TAMS 0x000000063a800000| PB 0x000000063a800000| Complete 
| 235|0x000000063ac00000, 0x000000063b000000, 0x000000063b000000|100%|HC|  |TAMS 0x000000063ac00000| PB 0x000000063ac00000| Complete 
| 236|0x000000063b000000, 0x000000063b400000, 0x000000063b400000|100%|HC|  |TAMS 0x000000063b000000| PB 0x000000063b000000| Complete 
| 237|0x000000063b400000, 0x000000063b800000, 0x000000063b800000|100%|HC|  |TAMS 0x000000063b400000| PB 0x000000063b400000| Complete 
| 238|0x000000063b800000, 0x000000063bc00000, 0x000000063bc00000|100%|HC|  |TAMS 0x000000063b800000| PB 0x000000063b800000| Complete 
| 239|0x000000063bc00000, 0x000000063c000000, 0x000000063c000000|100%|HC|  |TAMS 0x000000063bc00000| PB 0x000000063bc00000| Complete 
| 240|0x000000063c000000, 0x000000063c400000, 0x000000063c400000|100%|HC|  |TAMS 0x000000063c000000| PB 0x000000063c000000| Complete 
| 241|0x000000063c400000, 0x000000063c800000, 0x000000063c800000|100%|HC|  |TAMS 0x000000063c400000| PB 0x000000063c400000| Complete 
| 242|0x000000063c800000, 0x000000063cc00000, 0x000000063cc00000|100%|HC|  |TAMS 0x000000063c800000| PB 0x000000063c800000| Complete 
| 243|0x000000063cc00000, 0x000000063d000000, 0x000000063d000000|100%|HC|  |TAMS 0x000000063cc00000| PB 0x000000063cc00000| Complete 
| 244|0x000000063d000000, 0x000000063d400000, 0x000000063d400000|100%|HS|  |TAMS 0x000000063d000000| PB 0x000000063d000000| Complete 
| 245|0x000000063d400000, 0x000000063d800000, 0x000000063d800000|100%|HC|  |TAMS 0x000000063d400000| PB 0x000000063d400000| Complete 
| 246|0x000000063d800000, 0x000000063dc00000, 0x000000063dc00000|100%|HC|  |TAMS 0x000000063d800000| PB 0x000000063d800000| Complete 
| 247|0x000000063dc00000, 0x000000063e000000, 0x000000063e000000|100%|HC|  |TAMS 0x000000063dc00000| PB 0x000000063dc00000| Complete 
| 248|0x000000063e000000, 0x000000063e400000, 0x000000063e400000|100%|HC|  |TAMS 0x000000063e000000| PB 0x000000063e000000| Complete 
| 249|0x000000063e400000, 0x000000063e800000, 0x000000063e800000|100%|HC|  |TAMS 0x000000063e400000| PB 0x000000063e400000| Complete 
| 250|0x000000063e800000, 0x000000063ec00000, 0x000000063ec00000|100%|HC|  |TAMS 0x000000063e800000| PB 0x000000063e800000| Complete 
| 251|0x000000063ec00000, 0x000000063f000000, 0x000000063f000000|100%|HC|  |TAMS 0x000000063ec00000| PB 0x000000063ec00000| Complete 
| 252|0x000000063f000000, 0x000000063f400000, 0x000000063f400000|100%|HC|  |TAMS 0x000000063f000000| PB 0x000000063f000000| Complete 
| 253|0x000000063f400000, 0x000000063f800000, 0x000000063f800000|100%|HC|  |TAMS 0x000000063f400000| PB 0x000000063f400000| Complete 
| 254|0x000000063f800000, 0x000000063fc00000, 0x000000063fc00000|100%|HC|  |TAMS 0x000000063f800000| PB 0x000000063f800000| Complete 
| 255|0x000000063fc00000, 0x0000000640000000, 0x0000000640000000|100%|HC|  |TAMS 0x000000063fc00000| PB 0x000000063fc00000| Complete 
| 256|0x0000000640000000, 0x0000000640400000, 0x0000000640400000|100%|HC|  |TAMS 0x0000000640000000| PB 0x0000000640000000| Complete 
| 257|0x0000000640400000, 0x0000000640800000, 0x0000000640800000|100%|HC|  |TAMS 0x0000000640400000| PB 0x0000000640400000| Complete 
| 258|0x0000000640800000, 0x0000000640c00000, 0x0000000640c00000|100%|HC|  |TAMS 0x0000000640800000| PB 0x0000000640800000| Complete 
| 259|0x0000000640c00000, 0x0000000641000000, 0x0000000641000000|100%|HC|  |TAMS 0x0000000640c00000| PB 0x0000000640c00000| Complete 
| 260|0x0000000641000000, 0x0000000641400000, 0x0000000641400000|100%|HC|  |TAMS 0x0000000641000000| PB 0x0000000641000000| Complete 
| 261|0x0000000641400000, 0x0000000641800000, 0x0000000641800000|100%|HC|  |TAMS 0x0000000641400000| PB 0x0000000641400000| Complete 
| 262|0x0000000641800000, 0x0000000641c00000, 0x0000000641c00000|100%|HC|  |TAMS 0x0000000641800000| PB 0x0000000641800000| Complete 
| 263|0x0000000641c00000, 0x0000000642000000, 0x0000000642000000|100%|HC|  |TAMS 0x0000000641c00000| PB 0x0000000641c00000| Complete 
| 264|0x0000000642000000, 0x0000000642400000, 0x0000000642400000|100%|HC|  |TAMS 0x0000000642000000| PB 0x0000000642000000| Complete 
| 265|0x0000000642400000, 0x0000000642800000, 0x0000000642800000|100%|HC|  |TAMS 0x0000000642400000| PB 0x0000000642400000| Complete 
| 266|0x0000000642800000, 0x0000000642c00000, 0x0000000642c00000|100%|HC|  |TAMS 0x0000000642800000| PB 0x0000000642800000| Complete 
| 267|0x0000000642c00000, 0x0000000643000000, 0x0000000643000000|100%|HC|  |TAMS 0x0000000642c00000| PB 0x0000000642c00000| Complete 
| 268|0x0000000643000000, 0x0000000643400000, 0x0000000643400000|100%|HC|  |TAMS 0x0000000643000000| PB 0x0000000643000000| Complete 
| 269|0x0000000643400000, 0x0000000643800000, 0x0000000643800000|100%|HC|  |TAMS 0x0000000643400000| PB 0x0000000643400000| Complete 
| 270|0x0000000643800000, 0x0000000643c00000, 0x0000000643c00000|100%|HC|  |TAMS 0x0000000643800000| PB 0x0000000643800000| Complete 
| 271|0x0000000643c00000, 0x0000000644000000, 0x0000000644000000|100%|HC|  |TAMS 0x0000000643c00000| PB 0x0000000643c00000| Complete 
| 272|0x0000000644000000, 0x0000000644400000, 0x0000000644400000|100%|HC|  |TAMS 0x0000000644000000| PB 0x0000000644000000| Complete 
| 273|0x0000000644400000, 0x0000000644800000, 0x0000000644800000|100%|HC|  |TAMS 0x0000000644400000| PB 0x0000000644400000| Complete 
| 274|0x0000000644800000, 0x0000000644c00000, 0x0000000644c00000|100%|HC|  |TAMS 0x0000000644800000| PB 0x0000000644800000| Complete 
| 275|0x0000000644c00000, 0x0000000645000000, 0x0000000645000000|100%|HC|  |TAMS 0x0000000644c00000| PB 0x0000000644c00000| Complete 
| 276|0x0000000645000000, 0x0000000645400000, 0x0000000645400000|100%|HC|  |TAMS 0x0000000645000000| PB 0x0000000645000000| Complete 
| 277|0x0000000645400000, 0x0000000645800000, 0x0000000645800000|100%|HC|  |TAMS 0x0000000645400000| PB 0x0000000645400000| Complete 
| 278|0x0000000645800000, 0x0000000645c00000, 0x0000000645c00000|100%|HC|  |TAMS 0x0000000645800000| PB 0x0000000645800000| Complete 
| 279|0x0000000645c00000, 0x0000000646000000, 0x0000000646000000|100%|HC|  |TAMS 0x0000000645c00000| PB 0x0000000645c00000| Complete 
| 280|0x0000000646000000, 0x0000000646400000, 0x0000000646400000|100%|HC|  |TAMS 0x0000000646000000| PB 0x0000000646000000| Complete 
| 281|0x0000000646400000, 0x0000000646800000, 0x0000000646800000|100%|HC|  |TAMS 0x0000000646400000| PB 0x0000000646400000| Complete 
| 282|0x0000000646800000, 0x0000000646c00000, 0x0000000646c00000|100%|HC|  |TAMS 0x0000000646800000| PB 0x0000000646800000| Complete 
| 283|0x0000000646c00000, 0x0000000647000000, 0x0000000647000000|100%|HC|  |TAMS 0x0000000646c00000| PB 0x0000000646c00000| Complete 
| 284|0x0000000647000000, 0x0000000647400000, 0x0000000647400000|100%|HC|  |TAMS 0x0000000647000000| PB 0x0000000647000000| Complete 
| 285|0x0000000647400000, 0x0000000647800000, 0x0000000647800000|100%|HC|  |TAMS 0x0000000647400000| PB 0x0000000647400000| Complete 
| 286|0x0000000647800000, 0x0000000647c00000, 0x0000000647c00000|100%|HC|  |TAMS 0x0000000647800000| PB 0x0000000647800000| Complete 
| 287|0x0000000647c00000, 0x0000000648000000, 0x0000000648000000|100%|HC|  |TAMS 0x0000000647c00000| PB 0x0000000647c00000| Complete 
| 288|0x0000000648000000, 0x0000000648400000, 0x0000000648400000|100%|HC|  |TAMS 0x0000000648000000| PB 0x0000000648000000| Complete 
| 289|0x0000000648400000, 0x0000000648800000, 0x0000000648800000|100%|HC|  |TAMS 0x0000000648400000| PB 0x0000000648400000| Complete 
| 290|0x0000000648800000, 0x0000000648c00000, 0x0000000648c00000|100%|HC|  |TAMS 0x0000000648800000| PB 0x0000000648800000| Complete 
| 291|0x0000000648c00000, 0x0000000649000000, 0x0000000649000000|100%|HC|  |TAMS 0x0000000648c00000| PB 0x0000000648c00000| Complete 
| 292|0x0000000649000000, 0x0000000649400000, 0x0000000649400000|100%|HC|  |TAMS 0x0000000649000000| PB 0x0000000649000000| Complete 
| 293|0x0000000649400000, 0x0000000649800000, 0x0000000649800000|100%|HC|  |TAMS 0x0000000649400000| PB 0x0000000649400000| Complete 
| 294|0x0000000649800000, 0x0000000649c00000, 0x0000000649c00000|100%|HC|  |TAMS 0x0000000649800000| PB 0x0000000649800000| Complete 
| 295|0x0000000649c00000, 0x000000064a000000, 0x000000064a000000|100%|HC|  |TAMS 0x0000000649c00000| PB 0x0000000649c00000| Complete 
| 296|0x000000064a000000, 0x000000064a400000, 0x000000064a400000|100%|HC|  |TAMS 0x000000064a000000| PB 0x000000064a000000| Complete 
| 297|0x000000064a400000, 0x000000064a800000, 0x000000064a800000|100%|HC|  |TAMS 0x000000064a400000| PB 0x000000064a400000| Complete 
| 298|0x000000064a800000, 0x000000064ac00000, 0x000000064ac00000|100%|HC|  |TAMS 0x000000064a800000| PB 0x000000064a800000| Complete 
| 299|0x000000064ac00000, 0x000000064b000000, 0x000000064b000000|100%|HC|  |TAMS 0x000000064ac00000| PB 0x000000064ac00000| Complete 
| 300|0x000000064b000000, 0x000000064b400000, 0x000000064b400000|100%|HC|  |TAMS 0x000000064b000000| PB 0x000000064b000000| Complete 
| 301|0x000000064b400000, 0x000000064b800000, 0x000000064b800000|100%|HC|  |TAMS 0x000000064b400000| PB 0x000000064b400000| Complete 
| 302|0x000000064b800000, 0x000000064bc00000, 0x000000064bc00000|100%|HC|  |TAMS 0x000000064b800000| PB 0x000000064b800000| Complete 
| 303|0x000000064bc00000, 0x000000064c000000, 0x000000064c000000|100%|HC|  |TAMS 0x000000064bc00000| PB 0x000000064bc00000| Complete 
| 304|0x000000064c000000, 0x000000064c400000, 0x000000064c400000|100%|HC|  |TAMS 0x000000064c000000| PB 0x000000064c000000| Complete 
| 305|0x000000064c400000, 0x000000064c800000, 0x000000064c800000|100%|HC|  |TAMS 0x000000064c400000| PB 0x000000064c400000| Complete 
| 306|0x000000064c800000, 0x000000064cc00000, 0x000000064cc00000|100%|HC|  |TAMS 0x000000064c800000| PB 0x000000064c800000| Complete 
| 307|0x000000064cc00000, 0x000000064d000000, 0x000000064d000000|100%|HC|  |TAMS 0x000000064cc00000| PB 0x000000064cc00000| Complete 
| 308|0x000000064d000000, 0x000000064d400000, 0x000000064d400000|100%|HC|  |TAMS 0x000000064d000000| PB 0x000000064d000000| Complete 
| 309|0x000000064d400000, 0x000000064d800000, 0x000000064d800000|100%|HC|  |TAMS 0x000000064d400000| PB 0x000000064d400000| Complete 
| 310|0x000000064d800000, 0x000000064dc00000, 0x000000064dc00000|100%|HC|  |TAMS 0x000000064d800000| PB 0x000000064d800000| Complete 
| 311|0x000000064dc00000, 0x000000064e000000, 0x000000064e000000|100%|HC|  |TAMS 0x000000064dc00000| PB 0x000000064dc00000| Complete 
| 312|0x000000064e000000, 0x000000064e400000, 0x000000064e400000|100%|HC|  |TAMS 0x000000064e000000| PB 0x000000064e000000| Complete 
| 313|0x000000064e400000, 0x000000064e800000, 0x000000064e800000|100%|HC|  |TAMS 0x000000064e400000| PB 0x000000064e400000| Complete 
| 314|0x000000064e800000, 0x000000064ec00000, 0x000000064ec00000|100%|HC|  |TAMS 0x000000064e800000| PB 0x000000064e800000| Complete 
| 315|0x000000064ec00000, 0x000000064f000000, 0x000000064f000000|100%|HC|  |TAMS 0x000000064ec00000| PB 0x000000064ec00000| Complete 
| 316|0x000000064f000000, 0x000000064f400000, 0x000000064f400000|100%|HC|  |TAMS 0x000000064f000000| PB 0x000000064f000000| Complete 
| 317|0x000000064f400000, 0x000000064f800000, 0x000000064f800000|100%|HC|  |TAMS 0x000000064f400000| PB 0x000000064f400000| Complete 
| 318|0x000000064f800000, 0x000000064fc00000, 0x000000064fc00000|100%|HC|  |TAMS 0x000000064f800000| PB 0x000000064f800000| Complete 
| 319|0x000000064fc00000, 0x0000000650000000, 0x0000000650000000|100%|HC|  |TAMS 0x000000064fc00000| PB 0x000000064fc00000| Complete 
| 320|0x0000000650000000, 0x0000000650400000, 0x0000000650400000|100%|HC|  |TAMS 0x0000000650000000| PB 0x0000000650000000| Complete 
| 321|0x0000000650400000, 0x0000000650800000, 0x0000000650800000|100%|HC|  |TAMS 0x0000000650400000| PB 0x0000000650400000| Complete 
| 322|0x0000000650800000, 0x0000000650c00000, 0x0000000650c00000|100%|HC|  |TAMS 0x0000000650800000| PB 0x0000000650800000| Complete 
| 323|0x0000000650c00000, 0x0000000651000000, 0x0000000651000000|100%|HC|  |TAMS 0x0000000650c00000| PB 0x0000000650c00000| Complete 
| 324|0x0000000651000000, 0x0000000651400000, 0x0000000651400000|100%|HC|  |TAMS 0x0000000651000000| PB 0x0000000651000000| Complete 
| 325|0x0000000651400000, 0x0000000651800000, 0x0000000651800000|100%|HC|  |TAMS 0x0000000651400000| PB 0x0000000651400000| Complete 
| 326|0x0000000651800000, 0x0000000651c00000, 0x0000000651c00000|100%|HC|  |TAMS 0x0000000651800000| PB 0x0000000651800000| Complete 
| 327|0x0000000651c00000, 0x0000000652000000, 0x0000000652000000|100%|HC|  |TAMS 0x0000000651c00000| PB 0x0000000651c00000| Complete 
| 328|0x0000000652000000, 0x0000000652400000, 0x0000000652400000|100%|HC|  |TAMS 0x0000000652000000| PB 0x0000000652000000| Complete 
| 329|0x0000000652400000, 0x0000000652800000, 0x0000000652800000|100%|HC|  |TAMS 0x0000000652400000| PB 0x0000000652400000| Complete 
| 330|0x0000000652800000, 0x0000000652c00000, 0x0000000652c00000|100%|HC|  |TAMS 0x0000000652800000| PB 0x0000000652800000| Complete 
| 331|0x0000000652c00000, 0x0000000653000000, 0x0000000653000000|100%|HC|  |TAMS 0x0000000652c00000| PB 0x0000000652c00000| Complete 
| 332|0x0000000653000000, 0x0000000653400000, 0x0000000653400000|100%|HC|  |TAMS 0x0000000653000000| PB 0x0000000653000000| Complete 
| 333|0x0000000653400000, 0x0000000653800000, 0x0000000653800000|100%|HC|  |TAMS 0x0000000653400000| PB 0x0000000653400000| Complete 
| 334|0x0000000653800000, 0x0000000653c00000, 0x0000000653c00000|100%|HC|  |TAMS 0x0000000653800000| PB 0x0000000653800000| Complete 
| 335|0x0000000653c00000, 0x0000000654000000, 0x0000000654000000|100%|HC|  |TAMS 0x0000000653c00000| PB 0x0000000653c00000| Complete 
| 336|0x0000000654000000, 0x0000000654400000, 0x0000000654400000|100%|HC|  |TAMS 0x0000000654000000| PB 0x0000000654000000| Complete 
| 337|0x0000000654400000, 0x0000000654800000, 0x0000000654800000|100%|HC|  |TAMS 0x0000000654400000| PB 0x0000000654400000| Complete 
| 338|0x0000000654800000, 0x0000000654c00000, 0x0000000654c00000|100%|HC|  |TAMS 0x0000000654800000| PB 0x0000000654800000| Complete 
| 339|0x0000000654c00000, 0x0000000655000000, 0x0000000655000000|100%|HC|  |TAMS 0x0000000654c00000| PB 0x0000000654c00000| Complete 
| 340|0x0000000655000000, 0x0000000655400000, 0x0000000655400000|100%|HC|  |TAMS 0x0000000655000000| PB 0x0000000655000000| Complete 
| 341|0x0000000655400000, 0x0000000655800000, 0x0000000655800000|100%|HC|  |TAMS 0x0000000655400000| PB 0x0000000655400000| Complete 
| 342|0x0000000655800000, 0x0000000655c00000, 0x0000000655c00000|100%|HC|  |TAMS 0x0000000655800000| PB 0x0000000655800000| Complete 
| 343|0x0000000655c00000, 0x0000000656000000, 0x0000000656000000|100%|HC|  |TAMS 0x0000000655c00000| PB 0x0000000655c00000| Complete 
| 344|0x0000000656000000, 0x0000000656400000, 0x0000000656400000|100%|HC|  |TAMS 0x0000000656000000| PB 0x0000000656000000| Complete 
| 345|0x0000000656400000, 0x0000000656800000, 0x0000000656800000|100%|HC|  |TAMS 0x0000000656400000| PB 0x0000000656400000| Complete 
| 346|0x0000000656800000, 0x0000000656c00000, 0x0000000656c00000|100%|HC|  |TAMS 0x0000000656800000| PB 0x0000000656800000| Complete 
| 347|0x0000000656c00000, 0x0000000657000000, 0x0000000657000000|100%|HC|  |TAMS 0x0000000656c00000| PB 0x0000000656c00000| Complete 
| 348|0x0000000657000000, 0x0000000657400000, 0x0000000657400000|100%|HC|  |TAMS 0x0000000657000000| PB 0x0000000657000000| Complete 
| 349|0x0000000657400000, 0x0000000657800000, 0x0000000657800000|100%|HC|  |TAMS 0x0000000657400000| PB 0x0000000657400000| Complete 
| 350|0x0000000657800000, 0x0000000657c00000, 0x0000000657c00000|100%|HC|  |TAMS 0x0000000657800000| PB 0x0000000657800000| Complete 
| 351|0x0000000657c00000, 0x0000000658000000, 0x0000000658000000|100%|HC|  |TAMS 0x0000000657c00000| PB 0x0000000657c00000| Complete 
| 352|0x0000000658000000, 0x0000000658400000, 0x0000000658400000|100%|HC|  |TAMS 0x0000000658000000| PB 0x0000000658000000| Complete 
| 353|0x0000000658400000, 0x0000000658800000, 0x0000000658800000|100%|HC|  |TAMS 0x0000000658400000| PB 0x0000000658400000| Complete 
| 354|0x0000000658800000, 0x0000000658c00000, 0x0000000658c00000|100%|HC|  |TAMS 0x0000000658800000| PB 0x0000000658800000| Complete 
| 355|0x0000000658c00000, 0x0000000659000000, 0x0000000659000000|100%|HC|  |TAMS 0x0000000658c00000| PB 0x0000000658c00000| Complete 
| 356|0x0000000659000000, 0x0000000659400000, 0x0000000659400000|100%|HC|  |TAMS 0x0000000659000000| PB 0x0000000659000000| Complete 
| 357|0x0000000659400000, 0x0000000659800000, 0x0000000659800000|100%|HC|  |TAMS 0x0000000659400000| PB 0x0000000659400000| Complete 
| 358|0x0000000659800000, 0x0000000659c00000, 0x0000000659c00000|100%|HC|  |TAMS 0x0000000659800000| PB 0x0000000659800000| Complete 
| 359|0x0000000659c00000, 0x000000065a000000, 0x000000065a000000|100%|HC|  |TAMS 0x0000000659c00000| PB 0x0000000659c00000| Complete 
| 360|0x000000065a000000, 0x000000065a400000, 0x000000065a400000|100%|HC|  |TAMS 0x000000065a000000| PB 0x000000065a000000| Complete 
| 361|0x000000065a400000, 0x000000065a800000, 0x000000065a800000|100%|HC|  |TAMS 0x000000065a400000| PB 0x000000065a400000| Complete 
| 362|0x000000065a800000, 0x000000065ac00000, 0x000000065ac00000|100%|HC|  |TAMS 0x000000065a800000| PB 0x000000065a800000| Complete 
| 363|0x000000065ac00000, 0x000000065b000000, 0x000000065b000000|100%|HC|  |TAMS 0x000000065ac00000| PB 0x000000065ac00000| Complete 
| 364|0x000000065b000000, 0x000000065b400000, 0x000000065b400000|100%|HC|  |TAMS 0x000000065b000000| PB 0x000000065b000000| Complete 
| 365|0x000000065b400000, 0x000000065b800000, 0x000000065b800000|100%|HC|  |TAMS 0x000000065b400000| PB 0x000000065b400000| Complete 
| 366|0x000000065b800000, 0x000000065bc00000, 0x000000065bc00000|100%|HC|  |TAMS 0x000000065b800000| PB 0x000000065b800000| Complete 
| 367|0x000000065bc00000, 0x000000065c000000, 0x000000065c000000|100%|HC|  |TAMS 0x000000065bc00000| PB 0x000000065bc00000| Complete 
| 368|0x000000065c000000, 0x000000065c400000, 0x000000065c400000|100%|HC|  |TAMS 0x000000065c000000| PB 0x000000065c000000| Complete 
| 369|0x000000065c400000, 0x000000065c800000, 0x000000065c800000|100%|HC|  |TAMS 0x000000065c400000| PB 0x000000065c400000| Complete 
| 370|0x000000065c800000, 0x000000065cc00000, 0x000000065cc00000|100%|HC|  |TAMS 0x000000065c800000| PB 0x000000065c800000| Complete 
| 371|0x000000065cc00000, 0x000000065d000000, 0x000000065d000000|100%|HC|  |TAMS 0x000000065cc00000| PB 0x000000065cc00000| Complete 
| 372|0x000000065d000000, 0x000000065d400000, 0x000000065d400000|100%|HC|  |TAMS 0x000000065d000000| PB 0x000000065d000000| Complete 
| 373|0x000000065d400000, 0x000000065d800000, 0x000000065d800000|100%|HS|  |TAMS 0x000000065d400000| PB 0x000000065d400000| Complete 
| 374|0x000000065d800000, 0x000000065dc00000, 0x000000065dc00000|100%|HC|  |TAMS 0x000000065d800000| PB 0x000000065d800000| Complete 
| 375|0x000000065dc00000, 0x000000065e000000, 0x000000065e000000|100%|HC|  |TAMS 0x000000065dc00000| PB 0x000000065dc00000| Complete 
| 376|0x000000065e000000, 0x000000065e400000, 0x000000065e400000|100%|HC|  |TAMS 0x000000065e000000| PB 0x000000065e000000| Complete 
| 377|0x000000065e400000, 0x000000065e800000, 0x000000065e800000|100%|HC|  |TAMS 0x000000065e400000| PB 0x000000065e400000| Complete 
| 378|0x000000065e800000, 0x000000065ec00000, 0x000000065ec00000|100%|HC|  |TAMS 0x000000065e800000| PB 0x000000065e800000| Complete 
| 379|0x000000065ec00000, 0x000000065f000000, 0x000000065f000000|100%|HC|  |TAMS 0x000000065ec00000| PB 0x000000065ec00000| Complete 
| 380|0x000000065f000000, 0x000000065f400000, 0x000000065f400000|100%|HC|  |TAMS 0x000000065f000000| PB 0x000000065f000000| Complete 
| 381|0x000000065f400000, 0x000000065f800000, 0x000000065f800000|100%|HC|  |TAMS 0x000000065f400000| PB 0x000000065f400000| Complete 
| 382|0x000000065f800000, 0x000000065fc00000, 0x000000065fc00000|100%|HC|  |TAMS 0x000000065f800000| PB 0x000000065f800000| Complete 
| 383|0x000000065fc00000, 0x0000000660000000, 0x0000000660000000|100%|HC|  |TAMS 0x000000065fc00000| PB 0x000000065fc00000| Complete 
| 384|0x0000000660000000, 0x0000000660400000, 0x0000000660400000|100%|HC|  |TAMS 0x0000000660000000| PB 0x0000000660000000| Complete 
| 385|0x0000000660400000, 0x0000000660800000, 0x0000000660800000|100%|HC|  |TAMS 0x0000000660400000| PB 0x0000000660400000| Complete 
| 386|0x0000000660800000, 0x0000000660c00000, 0x0000000660c00000|100%|HC|  |TAMS 0x0000000660800000| PB 0x0000000660800000| Complete 
| 387|0x0000000660c00000, 0x0000000661000000, 0x0000000661000000|100%|HC|  |TAMS 0x0000000660c00000| PB 0x0000000660c00000| Complete 
| 388|0x0000000661000000, 0x0000000661400000, 0x0000000661400000|100%|HC|  |TAMS 0x0000000661000000| PB 0x0000000661000000| Complete 
| 389|0x0000000661400000, 0x0000000661800000, 0x0000000661800000|100%|HC|  |TAMS 0x0000000661400000| PB 0x0000000661400000| Complete 
| 390|0x0000000661800000, 0x0000000661c00000, 0x0000000661c00000|100%|HC|  |TAMS 0x0000000661800000| PB 0x0000000661800000| Complete 
| 391|0x0000000661c00000, 0x0000000662000000, 0x0000000662000000|100%|HC|  |TAMS 0x0000000661c00000| PB 0x0000000661c00000| Complete 
| 392|0x0000000662000000, 0x0000000662400000, 0x0000000662400000|100%|HC|  |TAMS 0x0000000662000000| PB 0x0000000662000000| Complete 
| 393|0x0000000662400000, 0x0000000662800000, 0x0000000662800000|100%|HC|  |TAMS 0x0000000662400000| PB 0x0000000662400000| Complete 
| 394|0x0000000662800000, 0x0000000662c00000, 0x0000000662c00000|100%|HC|  |TAMS 0x0000000662800000| PB 0x0000000662800000| Complete 
| 395|0x0000000662c00000, 0x0000000663000000, 0x0000000663000000|100%|HC|  |TAMS 0x0000000662c00000| PB 0x0000000662c00000| Complete 
| 396|0x0000000663000000, 0x0000000663400000, 0x0000000663400000|100%|HC|  |TAMS 0x0000000663000000| PB 0x0000000663000000| Complete 
| 397|0x0000000663400000, 0x0000000663800000, 0x0000000663800000|100%|HC|  |TAMS 0x0000000663400000| PB 0x0000000663400000| Complete 
| 398|0x0000000663800000, 0x0000000663c00000, 0x0000000663c00000|100%|HC|  |TAMS 0x0000000663800000| PB 0x0000000663800000| Complete 
| 399|0x0000000663c00000, 0x0000000664000000, 0x0000000664000000|100%|HC|  |TAMS 0x0000000663c00000| PB 0x0000000663c00000| Complete 
| 400|0x0000000664000000, 0x0000000664400000, 0x0000000664400000|100%|HC|  |TAMS 0x0000000664000000| PB 0x0000000664000000| Complete 
| 401|0x0000000664400000, 0x0000000664800000, 0x0000000664800000|100%|HC|  |TAMS 0x0000000664400000| PB 0x0000000664400000| Complete 
| 402|0x0000000664800000, 0x0000000664c00000, 0x0000000664c00000|100%|HC|  |TAMS 0x0000000664800000| PB 0x0000000664800000| Complete 
| 403|0x0000000664c00000, 0x0000000665000000, 0x0000000665000000|100%|HC|  |TAMS 0x0000000664c00000| PB 0x0000000664c00000| Complete 
| 404|0x0000000665000000, 0x0000000665400000, 0x0000000665400000|100%|HC|  |TAMS 0x0000000665000000| PB 0x0000000665000000| Complete 
| 405|0x0000000665400000, 0x0000000665800000, 0x0000000665800000|100%|HC|  |TAMS 0x0000000665400000| PB 0x0000000665400000| Complete 
| 406|0x0000000665800000, 0x0000000665c00000, 0x0000000665c00000|100%|HC|  |TAMS 0x0000000665800000| PB 0x0000000665800000| Complete 
| 407|0x0000000665c00000, 0x0000000666000000, 0x0000000666000000|100%|HC|  |TAMS 0x0000000665c00000| PB 0x0000000665c00000| Complete 
| 408|0x0000000666000000, 0x0000000666400000, 0x0000000666400000|100%|HC|  |TAMS 0x0000000666000000| PB 0x0000000666000000| Complete 
| 409|0x0000000666400000, 0x0000000666800000, 0x0000000666800000|100%|HC|  |TAMS 0x0000000666400000| PB 0x0000000666400000| Complete 
| 410|0x0000000666800000, 0x0000000666c00000, 0x0000000666c00000|100%|HC|  |TAMS 0x0000000666800000| PB 0x0000000666800000| Complete 
| 411|0x0000000666c00000, 0x0000000667000000, 0x0000000667000000|100%|HC|  |TAMS 0x0000000666c00000| PB 0x0000000666c00000| Complete 
| 412|0x0000000667000000, 0x0000000667400000, 0x0000000667400000|100%|HC|  |TAMS 0x0000000667000000| PB 0x0000000667000000| Complete 
| 413|0x0000000667400000, 0x0000000667800000, 0x0000000667800000|100%|HC|  |TAMS 0x0000000667400000| PB 0x0000000667400000| Complete 
| 414|0x0000000667800000, 0x0000000667c00000, 0x0000000667c00000|100%|HC|  |TAMS 0x0000000667800000| PB 0x0000000667800000| Complete 
| 415|0x0000000667c00000, 0x0000000668000000, 0x0000000668000000|100%|HC|  |TAMS 0x0000000667c00000| PB 0x0000000667c00000| Complete 
| 416|0x0000000668000000, 0x0000000668400000, 0x0000000668400000|100%|HC|  |TAMS 0x0000000668000000| PB 0x0000000668000000| Complete 
| 417|0x0000000668400000, 0x0000000668800000, 0x0000000668800000|100%|HC|  |TAMS 0x0000000668400000| PB 0x0000000668400000| Complete 
| 418|0x0000000668800000, 0x0000000668c00000, 0x0000000668c00000|100%|HC|  |TAMS 0x0000000668800000| PB 0x0000000668800000| Complete 
| 419|0x0000000668c00000, 0x0000000669000000, 0x0000000669000000|100%|HC|  |TAMS 0x0000000668c00000| PB 0x0000000668c00000| Complete 
| 420|0x0000000669000000, 0x0000000669400000, 0x0000000669400000|100%|HC|  |TAMS 0x0000000669000000| PB 0x0000000669000000| Complete 
| 421|0x0000000669400000, 0x0000000669800000, 0x0000000669800000|100%|HC|  |TAMS 0x0000000669400000| PB 0x0000000669400000| Complete 
| 422|0x0000000669800000, 0x0000000669c00000, 0x0000000669c00000|100%|HC|  |TAMS 0x0000000669800000| PB 0x0000000669800000| Complete 
| 423|0x0000000669c00000, 0x000000066a000000, 0x000000066a000000|100%|HC|  |TAMS 0x0000000669c00000| PB 0x0000000669c00000| Complete 
| 424|0x000000066a000000, 0x000000066a400000, 0x000000066a400000|100%|HC|  |TAMS 0x000000066a000000| PB 0x000000066a000000| Complete 
| 425|0x000000066a400000, 0x000000066a800000, 0x000000066a800000|100%|HC|  |TAMS 0x000000066a400000| PB 0x000000066a400000| Complete 
| 426|0x000000066a800000, 0x000000066ac00000, 0x000000066ac00000|100%|HC|  |TAMS 0x000000066a800000| PB 0x000000066a800000| Complete 
| 427|0x000000066ac00000, 0x000000066b000000, 0x000000066b000000|100%|HC|  |TAMS 0x000000066ac00000| PB 0x000000066ac00000| Complete 
| 428|0x000000066b000000, 0x000000066b400000, 0x000000066b400000|100%|HC|  |TAMS 0x000000066b000000| PB 0x000000066b000000| Complete 
| 429|0x000000066b400000, 0x000000066b800000, 0x000000066b800000|100%|HC|  |TAMS 0x000000066b400000| PB 0x000000066b400000| Complete 
| 430|0x000000066b800000, 0x000000066bc00000, 0x000000066bc00000|100%|HC|  |TAMS 0x000000066b800000| PB 0x000000066b800000| Complete 
| 431|0x000000066bc00000, 0x000000066c000000, 0x000000066c000000|100%|HC|  |TAMS 0x000000066bc00000| PB 0x000000066bc00000| Complete 
| 432|0x000000066c000000, 0x000000066c400000, 0x000000066c400000|100%|HC|  |TAMS 0x000000066c000000| PB 0x000000066c000000| Complete 
| 433|0x000000066c400000, 0x000000066c800000, 0x000000066c800000|100%|HC|  |TAMS 0x000000066c400000| PB 0x000000066c400000| Complete 
| 434|0x000000066c800000, 0x000000066cc00000, 0x000000066cc00000|100%|HC|  |TAMS 0x000000066c800000| PB 0x000000066c800000| Complete 
| 435|0x000000066cc00000, 0x000000066d000000, 0x000000066d000000|100%|HC|  |TAMS 0x000000066cc00000| PB 0x000000066cc00000| Complete 
| 436|0x000000066d000000, 0x000000066d400000, 0x000000066d400000|100%|HC|  |TAMS 0x000000066d000000| PB 0x000000066d000000| Complete 
| 437|0x000000066d400000, 0x000000066d800000, 0x000000066d800000|100%|HC|  |TAMS 0x000000066d400000| PB 0x000000066d400000| Complete 
| 438|0x000000066d800000, 0x000000066dc00000, 0x000000066dc00000|100%|HC|  |TAMS 0x000000066d800000| PB 0x000000066d800000| Complete 
| 439|0x000000066dc00000, 0x000000066e000000, 0x000000066e000000|100%|HC|  |TAMS 0x000000066dc00000| PB 0x000000066dc00000| Complete 
| 440|0x000000066e000000, 0x000000066e400000, 0x000000066e400000|100%|HC|  |TAMS 0x000000066e000000| PB 0x000000066e000000| Complete 
| 441|0x000000066e400000, 0x000000066e800000, 0x000000066e800000|100%|HC|  |TAMS 0x000000066e400000| PB 0x000000066e400000| Complete 
| 442|0x000000066e800000, 0x000000066ec00000, 0x000000066ec00000|100%|HC|  |TAMS 0x000000066e800000| PB 0x000000066e800000| Complete 
| 443|0x000000066ec00000, 0x000000066f000000, 0x000000066f000000|100%|HC|  |TAMS 0x000000066ec00000| PB 0x000000066ec00000| Complete 
| 444|0x000000066f000000, 0x000000066f400000, 0x000000066f400000|100%|HC|  |TAMS 0x000000066f000000| PB 0x000000066f000000| Complete 
| 445|0x000000066f400000, 0x000000066f800000, 0x000000066f800000|100%|HC|  |TAMS 0x000000066f400000| PB 0x000000066f400000| Complete 
| 446|0x000000066f800000, 0x000000066fc00000, 0x000000066fc00000|100%|HC|  |TAMS 0x000000066f800000| PB 0x000000066f800000| Complete 
| 447|0x000000066fc00000, 0x0000000670000000, 0x0000000670000000|100%|HC|  |TAMS 0x000000066fc00000| PB 0x000000066fc00000| Complete 
| 448|0x0000000670000000, 0x0000000670400000, 0x0000000670400000|100%|HC|  |TAMS 0x0000000670000000| PB 0x0000000670000000| Complete 
| 449|0x0000000670400000, 0x0000000670800000, 0x0000000670800000|100%|HC|  |TAMS 0x0000000670400000| PB 0x0000000670400000| Complete 
| 450|0x0000000670800000, 0x0000000670c00000, 0x0000000670c00000|100%|HC|  |TAMS 0x0000000670800000| PB 0x0000000670800000| Complete 
| 451|0x0000000670c00000, 0x0000000671000000, 0x0000000671000000|100%|HC|  |TAMS 0x0000000670c00000| PB 0x0000000670c00000| Complete 
| 452|0x0000000671000000, 0x0000000671400000, 0x0000000671400000|100%|HC|  |TAMS 0x0000000671000000| PB 0x0000000671000000| Complete 
| 453|0x0000000671400000, 0x0000000671800000, 0x0000000671800000|100%|HC|  |TAMS 0x0000000671400000| PB 0x0000000671400000| Complete 
| 454|0x0000000671800000, 0x0000000671c00000, 0x0000000671c00000|100%|HC|  |TAMS 0x0000000671800000| PB 0x0000000671800000| Complete 
| 455|0x0000000671c00000, 0x0000000672000000, 0x0000000672000000|100%|HS|  |TAMS 0x0000000671c00000| PB 0x0000000671c00000| Complete 
| 456|0x0000000672000000, 0x0000000672400000, 0x0000000672400000|100%|HC|  |TAMS 0x0000000672000000| PB 0x0000000672000000| Complete 
| 457|0x0000000672400000, 0x0000000672800000, 0x0000000672800000|100%|HC|  |TAMS 0x0000000672400000| PB 0x0000000672400000| Complete 
| 458|0x0000000672800000, 0x0000000672c00000, 0x0000000672c00000|100%|HS|  |TAMS 0x0000000672800000| PB 0x0000000672800000| Complete 
| 459|0x0000000672c00000, 0x0000000673000000, 0x0000000673000000|100%|HC|  |TAMS 0x0000000672c00000| PB 0x0000000672c00000| Complete 
| 460|0x0000000673000000, 0x0000000673400000, 0x0000000673400000|100%|HC|  |TAMS 0x0000000673000000| PB 0x0000000673000000| Complete 
| 461|0x0000000673400000, 0x0000000673800000, 0x0000000673800000|100%|HC|  |TAMS 0x0000000673400000| PB 0x0000000673400000| Complete 
| 462|0x0000000673800000, 0x0000000673c00000, 0x0000000673c00000|100%|HC|  |TAMS 0x0000000673800000| PB 0x0000000673800000| Complete 
| 463|0x0000000673c00000, 0x0000000674000000, 0x0000000674000000|100%|HS|  |TAMS 0x0000000673c00000| PB 0x0000000673c00000| Complete 
| 464|0x0000000674000000, 0x0000000674400000, 0x0000000674400000|100%|HC|  |TAMS 0x0000000674000000| PB 0x0000000674000000| Complete 
| 465|0x0000000674400000, 0x0000000674800000, 0x0000000674800000|100%|HC|  |TAMS 0x0000000674400000| PB 0x0000000674400000| Complete 
| 466|0x0000000674800000, 0x0000000674c00000, 0x0000000674c00000|100%|HC|  |TAMS 0x0000000674800000| PB 0x0000000674800000| Complete 
| 467|0x0000000674c00000, 0x0000000675000000, 0x0000000675000000|100%|HC|  |TAMS 0x0000000674c00000| PB 0x0000000674c00000| Complete 
| 468|0x0000000675000000, 0x0000000675400000, 0x0000000675400000|100%|HC|  |TAMS 0x0000000675000000| PB 0x0000000675000000| Complete 
| 469|0x0000000675400000, 0x0000000675800000, 0x0000000675800000|100%|HC|  |TAMS 0x0000000675400000| PB 0x0000000675400000| Complete 
| 470|0x0000000675800000, 0x0000000675c00000, 0x0000000675c00000|100%|HC|  |TAMS 0x0000000675800000| PB 0x0000000675800000| Complete 
| 471|0x0000000675c00000, 0x0000000676000000, 0x0000000676000000|100%|HC|  |TAMS 0x0000000675c00000| PB 0x0000000675c00000| Complete 
| 472|0x0000000676000000, 0x0000000676400000, 0x0000000676400000|100%|HS|  |TAMS 0x0000000676000000| PB 0x0000000676000000| Complete 
| 473|0x0000000676400000, 0x0000000676800000, 0x0000000676800000|100%|HC|  |TAMS 0x0000000676400000| PB 0x0000000676400000| Complete 
| 474|0x0000000676800000, 0x0000000676c00000, 0x0000000676c00000|100%|HC|  |TAMS 0x0000000676800000| PB 0x0000000676800000| Complete 
| 475|0x0000000676c00000, 0x0000000677000000, 0x0000000677000000|100%|HC|  |TAMS 0x0000000676c00000| PB 0x0000000676c00000| Complete 
| 476|0x0000000677000000, 0x0000000677400000, 0x0000000677400000|100%|HC|  |TAMS 0x0000000677000000| PB 0x0000000677000000| Complete 
| 477|0x0000000677400000, 0x0000000677800000, 0x0000000677800000|100%|HC|  |TAMS 0x0000000677400000| PB 0x0000000677400000| Complete 
| 478|0x0000000677800000, 0x0000000677c00000, 0x0000000677c00000|100%|HC|  |TAMS 0x0000000677800000| PB 0x0000000677800000| Complete 
| 479|0x0000000677c00000, 0x0000000678000000, 0x0000000678000000|100%|HC|  |TAMS 0x0000000677c00000| PB 0x0000000677c00000| Complete 
| 480|0x0000000678000000, 0x0000000678400000, 0x0000000678400000|100%|HC|  |TAMS 0x0000000678000000| PB 0x0000000678000000| Complete 
| 481|0x0000000678400000, 0x0000000678800000, 0x0000000678800000|100%|HC|  |TAMS 0x0000000678400000| PB 0x0000000678400000| Complete 
| 482|0x0000000678800000, 0x0000000678c00000, 0x0000000678c00000|100%|HC|  |TAMS 0x0000000678800000| PB 0x0000000678800000| Complete 
| 483|0x0000000678c00000, 0x0000000679000000, 0x0000000679000000|100%|HC|  |TAMS 0x0000000678c00000| PB 0x0000000678c00000| Complete 
| 484|0x0000000679000000, 0x0000000679400000, 0x0000000679400000|100%|HC|  |TAMS 0x0000000679000000| PB 0x0000000679000000| Complete 
| 485|0x0000000679400000, 0x0000000679800000, 0x0000000679800000|100%|HC|  |TAMS 0x0000000679400000| PB 0x0000000679400000| Complete 
| 486|0x0000000679800000, 0x0000000679c00000, 0x0000000679c00000|100%|HC|  |TAMS 0x0000000679800000| PB 0x0000000679800000| Complete 
| 487|0x0000000679c00000, 0x000000067a000000, 0x000000067a000000|100%|HC|  |TAMS 0x0000000679c00000| PB 0x0000000679c00000| Complete 
| 488|0x000000067a000000, 0x000000067a400000, 0x000000067a400000|100%|HC|  |TAMS 0x000000067a000000| PB 0x000000067a000000| Complete 
| 489|0x000000067a400000, 0x000000067a800000, 0x000000067a800000|100%|HS|  |TAMS 0x000000067a400000| PB 0x000000067a400000| Complete 
| 490|0x000000067a800000, 0x000000067ac00000, 0x000000067ac00000|100%|HC|  |TAMS 0x000000067a800000| PB 0x000000067a800000| Complete 
| 491|0x000000067ac00000, 0x000000067b000000, 0x000000067b000000|100%|HC|  |TAMS 0x000000067ac00000| PB 0x000000067ac00000| Complete 
| 492|0x000000067b000000, 0x000000067b400000, 0x000000067b400000|100%|HC|  |TAMS 0x000000067b000000| PB 0x000000067b000000| Complete 
| 493|0x000000067b400000, 0x000000067b800000, 0x000000067b800000|100%|HC|  |TAMS 0x000000067b400000| PB 0x000000067b400000| Complete 
| 494|0x000000067b800000, 0x000000067bc00000, 0x000000067bc00000|100%|HC|  |TAMS 0x000000067b800000| PB 0x000000067b800000| Complete 
| 495|0x000000067bc00000, 0x000000067c000000, 0x000000067c000000|100%|HC|  |TAMS 0x000000067bc00000| PB 0x000000067bc00000| Complete 
| 496|0x000000067c000000, 0x000000067c400000, 0x000000067c400000|100%|HC|  |TAMS 0x000000067c000000| PB 0x000000067c000000| Complete 
| 497|0x000000067c400000, 0x000000067c800000, 0x000000067c800000|100%|HC|  |TAMS 0x000000067c400000| PB 0x000000067c400000| Complete 
| 498|0x000000067c800000, 0x000000067cc00000, 0x000000067cc00000|100%|HC|  |TAMS 0x000000067c800000| PB 0x000000067c800000| Complete 
| 499|0x000000067cc00000, 0x000000067d000000, 0x000000067d000000|100%|HC|  |TAMS 0x000000067cc00000| PB 0x000000067cc00000| Complete 
| 500|0x000000067d000000, 0x000000067d400000, 0x000000067d400000|100%|HC|  |TAMS 0x000000067d000000| PB 0x000000067d000000| Complete 
| 501|0x000000067d400000, 0x000000067d800000, 0x000000067d800000|100%|HC|  |TAMS 0x000000067d400000| PB 0x000000067d400000| Complete 
| 502|0x000000067d800000, 0x000000067dc00000, 0x000000067dc00000|100%|HC|  |TAMS 0x000000067d800000| PB 0x000000067d800000| Complete 
| 503|0x000000067dc00000, 0x000000067e000000, 0x000000067e000000|100%|HC|  |TAMS 0x000000067dc00000| PB 0x000000067dc00000| Complete 
| 504|0x000000067e000000, 0x000000067e400000, 0x000000067e400000|100%|HC|  |TAMS 0x000000067e000000| PB 0x000000067e000000| Complete 
| 505|0x000000067e400000, 0x000000067e800000, 0x000000067e800000|100%|HC|  |TAMS 0x000000067e400000| PB 0x000000067e400000| Complete 
| 506|0x000000067e800000, 0x000000067ec00000, 0x000000067ec00000|100%|HC|  |TAMS 0x000000067e800000| PB 0x000000067e800000| Complete 
| 507|0x000000067ec00000, 0x000000067f000000, 0x000000067f000000|100%|HC|  |TAMS 0x000000067ec00000| PB 0x000000067ec00000| Complete 
| 508|0x000000067f000000, 0x000000067f400000, 0x000000067f400000|100%|HC|  |TAMS 0x000000067f000000| PB 0x000000067f000000| Complete 
| 509|0x000000067f400000, 0x000000067f800000, 0x000000067f800000|100%|HC|  |TAMS 0x000000067f400000| PB 0x000000067f400000| Complete 
| 510|0x000000067f800000, 0x000000067fc00000, 0x000000067fc00000|100%|HC|  |TAMS 0x000000067f800000| PB 0x000000067f800000| Complete 
| 511|0x000000067fc00000, 0x0000000680000000, 0x0000000680000000|100%|HC|  |TAMS 0x000000067fc00000| PB 0x000000067fc00000| Complete 
| 512|0x0000000680000000, 0x0000000680400000, 0x0000000680400000|100%|HC|  |TAMS 0x0000000680000000| PB 0x0000000680000000| Complete 
| 513|0x0000000680400000, 0x0000000680800000, 0x0000000680800000|100%|HC|  |TAMS 0x0000000680400000| PB 0x0000000680400000| Complete 
| 514|0x0000000680800000, 0x0000000680c00000, 0x0000000680c00000|100%|HC|  |TAMS 0x0000000680800000| PB 0x0000000680800000| Complete 
| 515|0x0000000680c00000, 0x0000000681000000, 0x0000000681000000|100%|HC|  |TAMS 0x0000000680c00000| PB 0x0000000680c00000| Complete 
| 516|0x0000000681000000, 0x0000000681400000, 0x0000000681400000|100%|HC|  |TAMS 0x0000000681000000| PB 0x0000000681000000| Complete 
| 517|0x0000000681400000, 0x0000000681800000, 0x0000000681800000|100%|HC|  |TAMS 0x0000000681400000| PB 0x0000000681400000| Complete 
| 518|0x0000000681800000, 0x0000000681c00000, 0x0000000681c00000|100%|HC|  |TAMS 0x0000000681800000| PB 0x0000000681800000| Complete 
| 519|0x0000000681c00000, 0x0000000682000000, 0x0000000682000000|100%|HC|  |TAMS 0x0000000681c00000| PB 0x0000000681c00000| Complete 
| 520|0x0000000682000000, 0x0000000682400000, 0x0000000682400000|100%|HC|  |TAMS 0x0000000682000000| PB 0x0000000682000000| Complete 
| 521|0x0000000682400000, 0x0000000682800000, 0x0000000682800000|100%|HC|  |TAMS 0x0000000682400000| PB 0x0000000682400000| Complete 
| 522|0x0000000682800000, 0x0000000682c00000, 0x0000000682c00000|100%|HS|  |TAMS 0x0000000682800000| PB 0x0000000682800000| Complete 
| 523|0x0000000682c00000, 0x0000000683000000, 0x0000000683000000|100%|HC|  |TAMS 0x0000000682c00000| PB 0x0000000682c00000| Complete 
| 524|0x0000000683000000, 0x0000000683400000, 0x0000000683400000|100%|HC|  |TAMS 0x0000000683000000| PB 0x0000000683000000| Complete 
| 525|0x0000000683400000, 0x0000000683800000, 0x0000000683800000|100%|HC|  |TAMS 0x0000000683400000| PB 0x0000000683400000| Complete 
| 526|0x0000000683800000, 0x0000000683c00000, 0x0000000683c00000|100%|HC|  |TAMS 0x0000000683800000| PB 0x0000000683800000| Complete 
| 527|0x0000000683c00000, 0x0000000684000000, 0x0000000684000000|100%|HC|  |TAMS 0x0000000683c00000| PB 0x0000000683c00000| Complete 
| 528|0x0000000684000000, 0x0000000684400000, 0x0000000684400000|100%|HC|  |TAMS 0x0000000684000000| PB 0x0000000684000000| Complete 
| 529|0x0000000684400000, 0x0000000684800000, 0x0000000684800000|100%|HC|  |TAMS 0x0000000684400000| PB 0x0000000684400000| Complete 
| 530|0x0000000684800000, 0x0000000684c00000, 0x0000000684c00000|100%|HC|  |TAMS 0x0000000684800000| PB 0x0000000684800000| Complete 
| 531|0x0000000684c00000, 0x0000000685000000, 0x0000000685000000|100%|HC|  |TAMS 0x0000000684c00000| PB 0x0000000684c00000| Complete 
| 532|0x0000000685000000, 0x0000000685400000, 0x0000000685400000|100%|HC|  |TAMS 0x0000000685000000| PB 0x0000000685000000| Complete 
| 533|0x0000000685400000, 0x0000000685800000, 0x0000000685800000|100%|HC|  |TAMS 0x0000000685400000| PB 0x0000000685400000| Complete 
| 534|0x0000000685800000, 0x0000000685c00000, 0x0000000685c00000|100%|HC|  |TAMS 0x0000000685800000| PB 0x0000000685800000| Complete 
| 535|0x0000000685c00000, 0x0000000686000000, 0x0000000686000000|100%|HC|  |TAMS 0x0000000685c00000| PB 0x0000000685c00000| Complete 
| 536|0x0000000686000000, 0x0000000686400000, 0x0000000686400000|100%|HC|  |TAMS 0x0000000686000000| PB 0x0000000686000000| Complete 
| 537|0x0000000686400000, 0x0000000686800000, 0x0000000686800000|100%|HC|  |TAMS 0x0000000686400000| PB 0x0000000686400000| Complete 
| 538|0x0000000686800000, 0x0000000686c00000, 0x0000000686c00000|100%|HC|  |TAMS 0x0000000686800000| PB 0x0000000686800000| Complete 
| 539|0x0000000686c00000, 0x0000000687000000, 0x0000000687000000|100%|HC|  |TAMS 0x0000000686c00000| PB 0x0000000686c00000| Complete 
| 540|0x0000000687000000, 0x0000000687400000, 0x0000000687400000|100%|HC|  |TAMS 0x0000000687000000| PB 0x0000000687000000| Complete 
| 541|0x0000000687400000, 0x0000000687800000, 0x0000000687800000|100%|HC|  |TAMS 0x0000000687400000| PB 0x0000000687400000| Complete 
| 542|0x0000000687800000, 0x0000000687c00000, 0x0000000687c00000|100%|HC|  |TAMS 0x0000000687800000| PB 0x0000000687800000| Complete 
| 543|0x0000000687c00000, 0x0000000688000000, 0x0000000688000000|100%|HC|  |TAMS 0x0000000687c00000| PB 0x0000000687c00000| Complete 
| 544|0x0000000688000000, 0x0000000688400000, 0x0000000688400000|100%|HC|  |TAMS 0x0000000688000000| PB 0x0000000688000000| Complete 
| 545|0x0000000688400000, 0x0000000688800000, 0x0000000688800000|100%|HC|  |TAMS 0x0000000688400000| PB 0x0000000688400000| Complete 
| 546|0x0000000688800000, 0x0000000688c00000, 0x0000000688c00000|100%|HC|  |TAMS 0x0000000688800000| PB 0x0000000688800000| Complete 
| 547|0x0000000688c00000, 0x0000000689000000, 0x0000000689000000|100%|HC|  |TAMS 0x0000000688c00000| PB 0x0000000688c00000| Complete 
| 548|0x0000000689000000, 0x0000000689400000, 0x0000000689400000|100%|HC|  |TAMS 0x0000000689000000| PB 0x0000000689000000| Complete 
| 549|0x0000000689400000, 0x0000000689800000, 0x0000000689800000|100%|HC|  |TAMS 0x0000000689400000| PB 0x0000000689400000| Complete 
| 550|0x0000000689800000, 0x0000000689c00000, 0x0000000689c00000|100%|HC|  |TAMS 0x0000000689800000| PB 0x0000000689800000| Complete 
| 551|0x0000000689c00000, 0x000000068a000000, 0x000000068a000000|100%|HC|  |TAMS 0x0000000689c00000| PB 0x0000000689c00000| Complete 
| 552|0x000000068a000000, 0x000000068a400000, 0x000000068a400000|100%|HC|  |TAMS 0x000000068a000000| PB 0x000000068a000000| Complete 
| 553|0x000000068a400000, 0x000000068a800000, 0x000000068a800000|100%|HC|  |TAMS 0x000000068a400000| PB 0x000000068a400000| Complete 
| 554|0x000000068a800000, 0x000000068ac00000, 0x000000068ac00000|100%|HC|  |TAMS 0x000000068a800000| PB 0x000000068a800000| Complete 
| 555|0x000000068ac00000, 0x000000068b000000, 0x000000068b000000|100%|HC|  |TAMS 0x000000068ac00000| PB 0x000000068ac00000| Complete 
| 556|0x000000068b000000, 0x000000068b400000, 0x000000068b400000|100%|HC|  |TAMS 0x000000068b000000| PB 0x000000068b000000| Complete 
| 557|0x000000068b400000, 0x000000068b800000, 0x000000068b800000|100%|HC|  |TAMS 0x000000068b400000| PB 0x000000068b400000| Complete 
| 558|0x000000068b800000, 0x000000068bc00000, 0x000000068bc00000|100%|HC|  |TAMS 0x000000068b800000| PB 0x000000068b800000| Complete 
| 559|0x000000068bc00000, 0x000000068c000000, 0x000000068c000000|100%|HC|  |TAMS 0x000000068bc00000| PB 0x000000068bc00000| Complete 
| 560|0x000000068c000000, 0x000000068c400000, 0x000000068c400000|100%|HC|  |TAMS 0x000000068c000000| PB 0x000000068c000000| Complete 
| 561|0x000000068c400000, 0x000000068c800000, 0x000000068c800000|100%|HC|  |TAMS 0x000000068c400000| PB 0x000000068c400000| Complete 
| 562|0x000000068c800000, 0x000000068cc00000, 0x000000068cc00000|100%|HC|  |TAMS 0x000000068c800000| PB 0x000000068c800000| Complete 
| 563|0x000000068cc00000, 0x000000068d000000, 0x000000068d000000|100%|HC|  |TAMS 0x000000068cc00000| PB 0x000000068cc00000| Complete 
| 564|0x000000068d000000, 0x000000068d400000, 0x000000068d400000|100%|HC|  |TAMS 0x000000068d000000| PB 0x000000068d000000| Complete 
| 565|0x000000068d400000, 0x000000068d800000, 0x000000068d800000|100%|HC|  |TAMS 0x000000068d400000| PB 0x000000068d400000| Complete 
| 566|0x000000068d800000, 0x000000068dc00000, 0x000000068dc00000|100%|HC|  |TAMS 0x000000068d800000| PB 0x000000068d800000| Complete 
| 567|0x000000068dc00000, 0x000000068e000000, 0x000000068e000000|100%|HC|  |TAMS 0x000000068dc00000| PB 0x000000068dc00000| Complete 
| 568|0x000000068e000000, 0x000000068e400000, 0x000000068e400000|100%|HC|  |TAMS 0x000000068e000000| PB 0x000000068e000000| Complete 
| 569|0x000000068e400000, 0x000000068e800000, 0x000000068e800000|100%|HC|  |TAMS 0x000000068e400000| PB 0x000000068e400000| Complete 
| 570|0x000000068e800000, 0x000000068ec00000, 0x000000068ec00000|100%|HC|  |TAMS 0x000000068e800000| PB 0x000000068e800000| Complete 
| 571|0x000000068ec00000, 0x000000068f000000, 0x000000068f000000|100%|HC|  |TAMS 0x000000068ec00000| PB 0x000000068ec00000| Complete 
| 572|0x000000068f000000, 0x000000068f400000, 0x000000068f400000|100%|HC|  |TAMS 0x000000068f000000| PB 0x000000068f000000| Complete 
| 573|0x000000068f400000, 0x000000068f800000, 0x000000068f800000|100%|HC|  |TAMS 0x000000068f400000| PB 0x000000068f400000| Complete 
| 574|0x000000068f800000, 0x000000068fc00000, 0x000000068fc00000|100%|HC|  |TAMS 0x000000068f800000| PB 0x000000068f800000| Complete 
| 575|0x000000068fc00000, 0x0000000690000000, 0x0000000690000000|100%|HC|  |TAMS 0x000000068fc00000| PB 0x000000068fc00000| Complete 
| 576|0x0000000690000000, 0x0000000690400000, 0x0000000690400000|100%|HC|  |TAMS 0x0000000690000000| PB 0x0000000690000000| Complete 
| 577|0x0000000690400000, 0x0000000690800000, 0x0000000690800000|100%|HC|  |TAMS 0x0000000690400000| PB 0x0000000690400000| Complete 
| 578|0x0000000690800000, 0x0000000690c00000, 0x0000000690c00000|100%|HC|  |TAMS 0x0000000690800000| PB 0x0000000690800000| Complete 
| 579|0x0000000690c00000, 0x0000000691000000, 0x0000000691000000|100%|HC|  |TAMS 0x0000000690c00000| PB 0x0000000690c00000| Complete 
| 580|0x0000000691000000, 0x0000000691400000, 0x0000000691400000|100%|HC|  |TAMS 0x0000000691000000| PB 0x0000000691000000| Complete 
| 581|0x0000000691400000, 0x0000000691800000, 0x0000000691800000|100%|HC|  |TAMS 0x0000000691400000| PB 0x0000000691400000| Complete 
| 582|0x0000000691800000, 0x0000000691c00000, 0x0000000691c00000|100%|HC|  |TAMS 0x0000000691800000| PB 0x0000000691800000| Complete 
| 583|0x0000000691c00000, 0x0000000692000000, 0x0000000692000000|100%|HC|  |TAMS 0x0000000691c00000| PB 0x0000000691c00000| Complete 
| 584|0x0000000692000000, 0x0000000692400000, 0x0000000692400000|100%|HC|  |TAMS 0x0000000692000000| PB 0x0000000692000000| Complete 
| 585|0x0000000692400000, 0x0000000692800000, 0x0000000692800000|100%|HC|  |TAMS 0x0000000692400000| PB 0x0000000692400000| Complete 
| 586|0x0000000692800000, 0x0000000692c00000, 0x0000000692c00000|100%|HC|  |TAMS 0x0000000692800000| PB 0x0000000692800000| Complete 
| 587|0x0000000692c00000, 0x0000000692c00000, 0x0000000693000000|  0%| F|  |TAMS 0x0000000692c00000| PB 0x0000000692c00000| Untracked 
| 588|0x0000000693000000, 0x0000000693000000, 0x0000000693400000|  0%| F|  |TAMS 0x0000000693000000| PB 0x0000000693000000| Untracked 
| 589|0x0000000693400000, 0x0000000693400000, 0x0000000693800000|  0%| F|  |TAMS 0x0000000693400000| PB 0x0000000693400000| Untracked 
| 590|0x0000000693800000, 0x0000000693800000, 0x0000000693c00000|  0%| F|  |TAMS 0x0000000693800000| PB 0x0000000693800000| Untracked 
| 591|0x0000000693c00000, 0x0000000693c00000, 0x0000000694000000|  0%| F|  |TAMS 0x0000000693c00000| PB 0x0000000693c00000| Untracked 
| 592|0x0000000694000000, 0x0000000694000000, 0x0000000694400000|  0%| F|  |TAMS 0x0000000694000000| PB 0x0000000694000000| Untracked 
| 593|0x0000000694400000, 0x0000000694400000, 0x0000000694800000|  0%| F|  |TAMS 0x0000000694400000| PB 0x0000000694400000| Untracked 
| 594|0x0000000694800000, 0x0000000694800000, 0x0000000694c00000|  0%| F|  |TAMS 0x0000000694800000| PB 0x0000000694800000| Untracked 
| 595|0x0000000694c00000, 0x0000000694c00000, 0x0000000695000000|  0%| F|  |TAMS 0x0000000694c00000| PB 0x0000000694c00000| Untracked 
| 596|0x0000000695000000, 0x0000000695000000, 0x0000000695400000|  0%| F|  |TAMS 0x0000000695000000| PB 0x0000000695000000| Untracked 
| 597|0x0000000695400000, 0x0000000695400000, 0x0000000695800000|  0%| F|  |TAMS 0x0000000695400000| PB 0x0000000695400000| Untracked 
| 598|0x0000000695800000, 0x0000000695800000, 0x0000000695c00000|  0%| F|  |TAMS 0x0000000695800000| PB 0x0000000695800000| Untracked 
| 599|0x0000000695c00000, 0x0000000695c00000, 0x0000000696000000|  0%| F|  |TAMS 0x0000000695c00000| PB 0x0000000695c00000| Untracked 
| 600|0x0000000696000000, 0x0000000696000000, 0x0000000696400000|  0%| F|  |TAMS 0x0000000696000000| PB 0x0000000696000000| Untracked 
| 601|0x0000000696400000, 0x0000000696400000, 0x0000000696800000|  0%| F|  |TAMS 0x0000000696400000| PB 0x0000000696400000| Untracked 
| 602|0x0000000696800000, 0x0000000696800000, 0x0000000696c00000|  0%| F|  |TAMS 0x0000000696800000| PB 0x0000000696800000| Untracked 
| 603|0x0000000696c00000, 0x0000000696c00000, 0x0000000697000000|  0%| F|  |TAMS 0x0000000696c00000| PB 0x0000000696c00000| Untracked 
| 604|0x0000000697000000, 0x0000000697000000, 0x0000000697400000|  0%| F|  |TAMS 0x0000000697000000| PB 0x0000000697000000| Untracked 

Card table byte_map: [0x000001646d580000,0x000001646e580000] _byte_map_base: 0x000001646a580000

Marking Bits: (CMBitMap*) 0x00000164493ce4a0
 Bits: [0x000001646e580000, 0x0000016476580000)

Polling page: 0x0000016447110000

Metaspace:

Usage:
  Non-class:    114.94 MB used.
      Class:     18.62 MB used.
       Both:    133.55 MB used.

Virtual space:
  Non-class space:      128.00 MB reserved,     116.12 MB ( 91%) committed,  2 nodes.
      Class space:        1.00 GB reserved,      19.75 MB (  2%) committed,  1 nodes.
             Both:        1.12 GB reserved,     135.88 MB ( 12%) committed. 

Chunk freelists:
   Non-Class:  11.93 MB
       Class:  12.11 MB
        Both:  24.04 MB

MaxMetaspaceSize: 4.00 GB
CompressedClassSpaceSize: 1.00 GB
Initial GC threshold: 21.00 MB
Current GC threshold: 219.69 MB
CDS: off
 - commit_granule_bytes: 65536.
 - commit_granule_words: 8192.
 - virtual_space_node_default_size: 8388608.
 - enlarge_chunks_in_place: 1.
 - use_allocation_guard: 0.


Internal statistics:

num_allocs_failed_limit: 9.
num_arena_births: 4514.
num_arena_deaths: 0.
num_vsnodes_births: 3.
num_vsnodes_deaths: 0.
num_space_committed: 2173.
num_space_uncommitted: 0.
num_chunks_returned_to_freelist: 9.
num_chunks_taken_from_freelist: 10317.
num_chunk_merges: 9.
num_chunk_splits: 6795.
num_chunks_enlarged: 4386.
num_inconsistent_stats: 0.

CodeHeap 'non-profiled nmethods': size=259264Kb used=10778Kb max_used=10778Kb free=248485Kb
 bounds [0x000001645c740000, 0x000001645d1d0000, 0x000001646c470000]
CodeHeap 'profiled nmethods': size=259264Kb used=26898Kb max_used=26898Kb free=232365Kb
 bounds [0x000001644c470000, 0x000001644dec0000, 0x000001645c1a0000]
CodeHeap 'non-nmethods': size=5760Kb used=3287Kb max_used=3315Kb free=2473Kb
 bounds [0x000001645c1a0000, 0x000001645c4f0000, 0x000001645c740000]
CodeCache: size=524288Kb, used=40963Kb, max_used=40991Kb, free=483323Kb
 total_blobs=15204, nmethods=14132, adapters=975, full_count=0
Compilation: enabled, stopped_count=0, restarted_count=0

Compilation events (20 events):
Event: 82.646 Thread 0x000001647d0873b0 16963   !   3       java.util.zip.InflaterInputStream::read (129 bytes)
Event: 82.652 Thread 0x000001647d0873b0 nmethod 16963 0x000001644deb3290 code [0x000001644deb3560, 0x000001644deb42a8]
Event: 83.150 Thread 0x000001647d0846c0 16964       4       java.util.ComparableTimSort::binarySort (223 bytes)
Event: 83.299 Thread 0x000001647d0846c0 nmethod 16964 0x000001645d1b8b10 code [0x000001645d1b8d00, 0x000001645d1b98f0]
Event: 84.156 Thread 0x000001647d0873b0 16965       3       java.util.HashMap$Values::spliterator (16 bytes)
Event: 84.168 Thread 0x000001647d0873b0 nmethod 16965 0x000001644deb4910 code [0x000001644deb4ac0, 0x000001644deb4c88]
Event: 84.168 Thread 0x000001647d0873b0 16966       3       java.util.HashMap$ValueSpliterator::<init> (12 bytes)
Event: 84.168 Thread 0x000001647d0873b0 nmethod 16966 0x000001644deb4d90 code [0x000001644deb4f40, 0x000001644deb5178]
Event: 84.174 Thread 0x000001647d0846c0 16967       4       java.util.Spliterators$EmptySpliterator$OfRef::forEachRemaining (6 bytes)
Event: 84.175 Thread 0x000001647d0846c0 nmethod 16967 0x000001645d1b9c90 code [0x000001645d1b9e20, 0x000001645d1b9ec0]
Event: 84.981 Thread 0x000001647d0846c0 16968   !   4       java.util.zip.InflaterInputStream::read (129 bytes)
Event: 85.168 Thread 0x000001647d0846c0 nmethod 16968 0x000001645d1b9f90 code [0x000001645d1ba240, 0x000001645d1bbb60]
Event: 85.169 Thread 0x000001647d0846c0 16969       4       java.util.zip.ZipInputStream::read (288 bytes)
Event: 85.209 Thread 0x000001647d0846c0 nmethod 16969 0x000001645d1bc790 code [0x000001645d1bc960, 0x000001645d1bcda0]
Event: 86.542 Thread 0x000001647d0846c0 16970   !   4       org.gradle.internal.event.DefaultListenerManager$EventBroadcast$ListenerDispatch::dispatch (41 bytes)
Event: 86.710 Thread 0x000001647d0846c0 nmethod 16970 0x000001645d1bd190 code [0x000001645d1bd7e0, 0x000001645d1c1428]
Event: 87.396 Thread 0x000001647d0846c0 16971 %     4       kotlin.io.ByteStreamsKt::copyTo @ 27 (60 bytes)
Event: 87.409 Thread 0x000001647d0846c0 nmethod 16971% 0x000001645d1c3b90 code [0x000001645d1c3da0, 0x000001645d1c4870]
Event: 87.739 Thread 0x000001647d0846c0 16972       4       kotlin.io.ByteStreamsKt::copyTo (60 bytes)
Event: 87.757 Thread 0x000001647d0846c0 nmethod 16972 0x000001645d1c4e90 code [0x000001645d1c50e0, 0x000001645d1c5f90]

GC Heap History (20 events):
Event: 44.422 GC heap before
{Heap before GC invocations=56 (full 0):
 garbage-first heap   total 204800K, used 167983K [0x0000000600000000, 0x0000000800000000)
  region size 4096K, 14 young (57344K), 2 survivors (8192K)
 Metaspace       used 117537K, committed 119744K, reserved 1179648K
  class space    used 16597K, committed 17664K, reserved 1048576K
}
Event: 44.436 GC heap after
{Heap after GC invocations=57 (full 0):
 garbage-first heap   total 204800K, used 122465K [0x0000000600000000, 0x0000000800000000)
  region size 4096K, 2 young (8192K), 2 survivors (8192K)
 Metaspace       used 117537K, committed 119744K, reserved 1179648K
  class space    used 16597K, committed 17664K, reserved 1048576K
}
Event: 46.653 GC heap before
{Heap before GC invocations=57 (full 0):
 garbage-first heap   total 204800K, used 179809K [0x0000000600000000, 0x0000000800000000)
  region size 4096K, 17 young (69632K), 2 survivors (8192K)
 Metaspace       used 117661K, committed 119808K, reserved 1179648K
  class space    used 16598K, committed 17664K, reserved 1048576K
}
Event: 46.666 GC heap after
{Heap after GC invocations=58 (full 0):
 garbage-first heap   total 204800K, used 124483K [0x0000000600000000, 0x0000000800000000)
  region size 4096K, 3 young (12288K), 3 survivors (12288K)
 Metaspace       used 117661K, committed 119808K, reserved 1179648K
  class space    used 16598K, committed 17664K, reserved 1048576K
}
Event: 48.417 GC heap before
{Heap before GC invocations=58 (full 0):
 garbage-first heap   total 204800K, used 169539K [0x0000000600000000, 0x0000000800000000)
  region size 4096K, 15 young (61440K), 3 survivors (12288K)
 Metaspace       used 117662K, committed 119808K, reserved 1179648K
  class space    used 16598K, committed 17664K, reserved 1048576K
}
Event: 48.434 GC heap after
{Heap after GC invocations=59 (full 0):
 garbage-first heap   total 204800K, used 126191K [0x0000000600000000, 0x0000000800000000)
  region size 4096K, 2 young (8192K), 2 survivors (8192K)
 Metaspace       used 117662K, committed 119808K, reserved 1179648K
  class space    used 16598K, committed 17664K, reserved 1048576K
}
Event: 49.753 GC heap before
{Heap before GC invocations=60 (full 0):
 garbage-first heap   total 221184K, used 175343K [0x0000000600000000, 0x0000000800000000)
  region size 4096K, 14 young (57344K), 2 survivors (8192K)
 Metaspace       used 118269K, committed 120384K, reserved 1179648K
  class space    used 16678K, committed 17728K, reserved 1048576K
}
Event: 49.762 GC heap after
{Heap after GC invocations=61 (full 0):
 garbage-first heap   total 221184K, used 142430K [0x0000000600000000, 0x0000000800000000)
  region size 4096K, 2 young (8192K), 2 survivors (8192K)
 Metaspace       used 118269K, committed 120384K, reserved 1179648K
  class space    used 16678K, committed 17728K, reserved 1048576K
}
Event: 51.364 GC heap before
{Heap before GC invocations=61 (full 0):
 garbage-first heap   total 221184K, used 195678K [0x0000000600000000, 0x0000000800000000)
  region size 4096K, 15 young (61440K), 2 survivors (8192K)
 Metaspace       used 121794K, committed 123968K, reserved 1179648K
  class space    used 17229K, committed 18304K, reserved 1048576K
}
Event: 51.374 GC heap after
{Heap after GC invocations=62 (full 0):
 garbage-first heap   total 221184K, used 147117K [0x0000000600000000, 0x0000000800000000)
  region size 4096K, 2 young (8192K), 2 survivors (8192K)
 Metaspace       used 121794K, committed 123968K, reserved 1179648K
  class space    used 17229K, committed 18304K, reserved 1048576K
}
Event: 52.369 GC heap before
{Heap before GC invocations=62 (full 0):
 garbage-first heap   total 221184K, used 192173K [0x0000000600000000, 0x0000000800000000)
  region size 4096K, 13 young (53248K), 2 survivors (8192K)
 Metaspace       used 126132K, committed 128320K, reserved 1179648K
  class space    used 17806K, committed 18880K, reserved 1048576K
}
Event: 52.381 GC heap after
{Heap after GC invocations=63 (full 0):
 garbage-first heap   total 221184K, used 150262K [0x0000000600000000, 0x0000000800000000)
  region size 4096K, 1 young (4096K), 1 survivors (4096K)
 Metaspace       used 126132K, committed 128320K, reserved 1179648K
  class space    used 17806K, committed 18880K, reserved 1048576K
}
Event: 53.635 GC heap before
{Heap before GC invocations=64 (full 0):
 garbage-first heap   total 253952K, used 195318K [0x0000000600000000, 0x0000000800000000)
  region size 4096K, 13 young (53248K), 1 survivors (4096K)
 Metaspace       used 127900K, committed 130048K, reserved 1179648K
  class space    used 18040K, committed 19072K, reserved 1048576K
}
Event: 53.644 GC heap after
{Heap after GC invocations=65 (full 0):
 garbage-first heap   total 253952K, used 156490K [0x0000000600000000, 0x0000000800000000)
  region size 4096K, 2 young (8192K), 2 survivors (8192K)
 Metaspace       used 127900K, committed 130048K, reserved 1179648K
  class space    used 18040K, committed 19072K, reserved 1048576K
}
Event: 69.835 GC heap before
{Heap before GC invocations=65 (full 0):
 garbage-first heap   total 253952K, used 222026K [0x0000000600000000, 0x0000000800000000)
  region size 4096K, 19 young (77824K), 2 survivors (8192K)
 Metaspace       used 131498K, committed 133760K, reserved 1179648K
  class space    used 18354K, committed 19456K, reserved 1048576K
}
Event: 69.860 GC heap after
{Heap after GC invocations=66 (full 0):
 garbage-first heap   total 253952K, used 162211K [0x0000000600000000, 0x0000000800000000)
  region size 4096K, 3 young (12288K), 3 survivors (12288K)
 Metaspace       used 131498K, committed 133760K, reserved 1179648K
  class space    used 18354K, committed 19456K, reserved 1048576K
}
Event: 71.424 GC heap before
{Heap before GC invocations=66 (full 0):
 garbage-first heap   total 253952K, used 219555K [0x0000000600000000, 0x0000000800000000)
  region size 4096K, 18 young (73728K), 3 survivors (12288K)
 Metaspace       used 132792K, committed 134976K, reserved 1179648K
  class space    used 18528K, committed 19584K, reserved 1048576K
}
Event: 71.437 GC heap after
{Heap after GC invocations=67 (full 0):
 garbage-first heap   total 253952K, used 165922K [0x0000000600000000, 0x0000000800000000)
  region size 4096K, 1 young (4096K), 1 survivors (4096K)
 Metaspace       used 132792K, committed 134976K, reserved 1179648K
  class space    used 18528K, committed 19584K, reserved 1048576K
}
Event: 73.179 GC heap before
{Heap before GC invocations=68 (full 0):
 garbage-first heap   total 372736K, used 313378K [0x0000000600000000, 0x0000000800000000)
  region size 4096K, 16 young (65536K), 1 survivors (4096K)
 Metaspace       used 135858K, committed 138112K, reserved 1179648K
  class space    used 18918K, committed 20032K, reserved 1048576K
}
Event: 73.188 GC heap after
{Heap after GC invocations=69 (full 0):
 garbage-first heap   total 372736K, used 261717K [0x0000000600000000, 0x0000000800000000)
  region size 4096K, 2 young (8192K), 2 survivors (8192K)
 Metaspace       used 135858K, committed 138112K, reserved 1179648K
  class space    used 18918K, committed 20032K, reserved 1048576K
}

Dll operation events (3 events):
Event: 0.058 Loaded shared library C:\Program Files\Android\Android Studio\jbr\bin\java.dll
Event: 0.076 Loaded shared library C:\Program Files\Android\Android Studio\jbr\bin\zip.dll
Event: 1.330 Loaded shared library C:\Program Files\Android\Android Studio\jbr\bin\verify.dll

Deoptimization events (20 events):
Event: 79.034 Thread 0x0000016408207150 DEOPT PACKING pc=0x000001644de92fcb sp=0x000000472c6fb5c0
Event: 79.034 Thread 0x0000016408207150 DEOPT UNPACKING pc=0x000001645c1f88e2 sp=0x000000472c6fab28 mode 0
Event: 81.778 Thread 0x0000016408207150 Uncommon trap: trap_request=0xffffff45 fr.pc=0x000001645d1b3b2c relative=0x000000000000078c
Event: 81.778 Thread 0x0000016408207150 Uncommon trap: reason=unstable_if action=reinterpret pc=0x000001645d1b3b2c method=java.util.zip.ZipInputStream.read([BII)I @ 70 c2
Event: 81.778 Thread 0x0000016408207150 DEOPT PACKING pc=0x000001645d1b3b2c sp=0x000000472c6fb640
Event: 81.778 Thread 0x0000016408207150 DEOPT UNPACKING pc=0x000001645c1f7da2 sp=0x000000472c6fb548 mode 2
Event: 82.426 Thread 0x0000016408207150 Uncommon trap: trap_request=0xffffff45 fr.pc=0x000001645d1a87d0 relative=0x0000000000000370
Event: 82.426 Thread 0x0000016408207150 Uncommon trap: reason=unstable_if action=reinterpret pc=0x000001645d1a87d0 method=java.util.zip.ZipInputStream.read([BII)I @ 22 c2
Event: 82.426 Thread 0x0000016408207150 DEOPT PACKING pc=0x000001645d1a87d0 sp=0x000000472c6fb780
Event: 82.426 Thread 0x0000016408207150 DEOPT UNPACKING pc=0x000001645c1f7da2 sp=0x000000472c6fb760 mode 2
Event: 82.426 Thread 0x0000016408207150 Uncommon trap: trap_request=0xffffff45 fr.pc=0x000001645d1a7fd8 relative=0x0000000000000198
Event: 82.426 Thread 0x0000016408207150 Uncommon trap: reason=unstable_if action=reinterpret pc=0x000001645d1a7fd8 method=java.io.PushbackInputStream.read([BII)I @ 44 c2
Event: 82.426 Thread 0x0000016408207150 DEOPT PACKING pc=0x000001645d1a7fd8 sp=0x000000472c6fb690
Event: 82.426 Thread 0x0000016408207150 DEOPT UNPACKING pc=0x000001645c1f7da2 sp=0x000000472c6fb648 mode 2
Event: 82.449 Thread 0x0000016408207150 Uncommon trap: trap_request=0xffffff45 fr.pc=0x000001645d1ab03c relative=0x00000000000012fc
Event: 82.449 Thread 0x0000016408207150 Uncommon trap: reason=unstable_if action=reinterpret pc=0x000001645d1ab03c method=java.io.PushbackInputStream.read([BII)I @ 44 c2
Event: 82.449 Thread 0x0000016408207150 DEOPT PACKING pc=0x000001645d1ab03c sp=0x000000472c6fb4b0
Event: 82.450 Thread 0x0000016408207150 DEOPT UNPACKING pc=0x000001645c1f7da2 sp=0x000000472c6fb3b8 mode 2
Event: 87.743 Thread 0x0000016408207150 DEOPT PACKING pc=0x000001644de945fb sp=0x000000472c6fb600
Event: 87.755 Thread 0x0000016408207150 DEOPT UNPACKING pc=0x000001645c1f88e2 sp=0x000000472c6fab28 mode 0

Classes loaded (20 events):
Event: 78.828 Loading class sun/rmi/server/UnicastServerRef$HashToMethod_Maps$1
Event: 78.829 Loading class sun/rmi/server/UnicastServerRef$HashToMethod_Maps$1 done
Event: 78.851 Loading class sun/rmi/server/LoaderHandler$Loader
Event: 78.852 Loading class sun/rmi/server/LoaderHandler$Loader done
Event: 78.893 Loading class java/rmi/server/ServerNotActiveException
Event: 78.894 Loading class java/rmi/server/ServerNotActiveException done
Event: 78.897 Loading class sun/rmi/transport/DGCAckHandler
Event: 78.899 Loading class sun/rmi/transport/DGCAckHandler done
Event: 78.962 Loading class sun/rmi/transport/DGCAckHandler$1
Event: 78.984 Loading class sun/rmi/transport/DGCAckHandler$1 done
Event: 78.992 Loading class sun/rmi/transport/tcp/TCPTransport$ConnectionHandler
Event: 79.008 Loading class sun/rmi/transport/tcp/TCPTransport$ConnectionHandler done
Event: 79.024 Loading class sun/rmi/transport/Transport$1
Event: 79.026 Loading class sun/rmi/transport/Transport$1 done
Event: 79.031 Loading class sun/rmi/transport/DGCImpl$LeaseInfo
Event: 79.032 Loading class sun/rmi/transport/DGCImpl$LeaseInfo done
Event: 79.032 Loading class sun/rmi/transport/DGCImpl$1
Event: 79.033 Loading class sun/rmi/transport/DGCImpl$1 done
Event: 79.033 Loading class sun/rmi/transport/SequenceEntry
Event: 79.033 Loading class sun/rmi/transport/SequenceEntry done

Classes unloaded (0 events):
No events

Classes redefined (0 events):
No events

Internal exceptions (20 events):
Event: 72.681 Thread 0x0000016402da8270 Exception <a 'sun/nio/fs/WindowsException'{0x000000060e5c74a8}> (0x000000060e5c74a8) 
thrown [s\src\hotspot\share\prims\jni.cpp, line 537]
Event: 73.049 Thread 0x000001647e2ec1a0 Exception <a 'java/net/ConnectException'{0x000000060dc05520}: Connection refused: connect> (0x000000060dc05520) 
thrown [s\src\hotspot\share\prims\jni.cpp, line 572]
Event: 73.072 Thread 0x000001647e2ec1a0 Exception <a 'java/net/ConnectException'{0x000000060dc07158}: Connection refused: connect> (0x000000060dc07158) 
thrown [s\src\hotspot\share\prims\jni.cpp, line 572]
Event: 73.090 Thread 0x000001647e2ec1a0 Exception <a 'java/net/ConnectException'{0x000000060dc07ef0}: Connection refused: connect> (0x000000060dc07ef0) 
thrown [s\src\hotspot\share\prims\jni.cpp, line 572]
Event: 73.404 Thread 0x000001647e2f1060 Implicit null exception at 0x000001645cf7a597 to 0x000001645cf7ba5c
Event: 73.404 Thread 0x000001647e2f1060 Implicit null exception at 0x000001645cd4ee0e to 0x000001645cd4f5b4
Event: 77.186 Thread 0x000001647e2ec1a0 Exception <a 'java/net/ConnectException'{0x0000000610e512b8}: Connection refused: connect> (0x0000000610e512b8) 
thrown [s\src\hotspot\share\prims\jni.cpp, line 572]
Event: 77.211 Thread 0x000001647e2ec1a0 Exception <a 'java/net/ConnectException'{0x0000000610e52050}: Connection refused: connect> (0x0000000610e52050) 
thrown [s\src\hotspot\share\prims\jni.cpp, line 572]
Event: 77.226 Thread 0x000001647e2ec1a0 Exception <a 'java/net/ConnectException'{0x0000000610e52de8}: Connection refused: connect> (0x0000000610e52de8) 
thrown [s\src\hotspot\share\prims\jni.cpp, line 572]
Event: 77.997 Thread 0x000001647e2ec1a0 Exception <a 'java/lang/NoSuchMethodError'{0x0000000610f0c518}: static Lorg/jetbrains/kotlin/daemon/common/LoopbackNetworkInterface$AbstractClientLoopbackSocketFactory;.<clinit>()V> (0x0000000610f0c518) 
thrown [s\src\hotspot\share\prims\jni.cpp, line 1144]
Event: 77.999 Thread 0x000001647e2ec1a0 Exception <a 'java/lang/NoSuchMethodError'{0x0000000610f18728}: static Lorg/jetbrains/kotlin/daemon/common/LoopbackNetworkInterface$ClientLoopbackSocketFactory;.<clinit>()V> (0x0000000610f18728) 
thrown [s\src\hotspot\share\prims\jni.cpp, line 1144]
Event: 78.160 Thread 0x000001647e2ec1a0 Exception <a 'java/lang/NoSuchMethodError'{0x0000000610f86648}: static [Ljava/rmi/server/ObjID;.<clinit>()V> (0x0000000610f86648) 
thrown [s\src\hotspot\share\prims\jni.cpp, line 1144]
Event: 78.179 Thread 0x000001647e2ec1a0 Exception <a 'java/lang/NoSuchMethodError'{0x0000000610fae310}: static [B.<clinit>()V> (0x0000000610fae310) 
thrown [s\src\hotspot\share\prims\jni.cpp, line 1144]
Event: 78.216 Thread 0x000001647e2f16f0 Exception <a 'java/lang/NoSuchMethodError'{0x0000000610f7b640}: 'java.lang.Object java.lang.invoke.DirectMethodHandle$Holder.newInvokeSpecial(java.lang.Object, java.lang.Object, int, java.lang.Object, long)'> (0x0000000610f7b640) 
thrown [s\src\hotspot\share\interpreter\linkResolver.cpp, line 784]
Event: 78.479 Thread 0x000001647e2ec1a0 Exception <a 'java/lang/NoSuchMethodError'{0x0000000610ff6448}: static Lorg/jetbrains/kotlin/daemon/common/CompileService$CallResult;.<clinit>()V> (0x0000000610ff6448) 
thrown [s\src\hotspot\share\prims\jni.cpp, line 1144]
Event: 78.486 Thread 0x000001647e2ec1a0 Exception <a 'java/lang/NoSuchMethodError'{0x00000006108029c8}: static Lorg/jetbrains/kotlin/daemon/common/CompileService$CallResult$Good;.<clinit>()V> (0x00000006108029c8) 
thrown [s\src\hotspot\share\prims\jni.cpp, line 1144]
Event: 78.493 Thread 0x000001647e2ec1a0 Exception <a 'java/lang/NoSuchMethodError'{0x000000061080fcf8}: static Lorg/jetbrains/kotlin/daemon/common/DaemonJVMOptions;.<clinit>()V> (0x000000061080fcf8) 
thrown [s\src\hotspot\share\prims\jni.cpp, line 1144]
Event: 78.546 Thread 0x000001647e2ec1a0 Exception <a 'java/lang/NoSuchMethodError'{0x000000061082a090}: static Lorg/jetbrains/kotlin/daemon/common/CompileService$CallResult$Ok;.<clinit>()V> (0x000000061082a090) 
thrown [s\src\hotspot\share\prims\jni.cpp, line 1144]
Event: 78.865 Thread 0x000001647e2ec1a0 Exception <a 'java/lang/NoSuchMethodError'{0x00000006109cc0e0}: static [Ljava/lang/Integer;.<clinit>()V> (0x00000006109cc0e0) 
thrown [s\src\hotspot\share\prims\jni.cpp, line 1144]
Event: 82.426 Thread 0x0000016408207150 Implicit null exception at 0x000001645d1a84e5 to 0x000001645d1a87c4

ZGC Phase Switch (0 events):
No events

VM Operations (20 events):
Event: 74.346 Executing VM operation: Cleanup
Event: 74.346 Executing VM operation: Cleanup done
Event: 75.349 Executing VM operation: Cleanup
Event: 75.349 Executing VM operation: Cleanup done
Event: 76.360 Executing VM operation: Cleanup
Event: 76.360 Executing VM operation: Cleanup done
Event: 77.282 Executing VM operation: HandshakeAllThreads (Deoptimize)
Event: 77.283 Executing VM operation: HandshakeAllThreads (Deoptimize) done
Event: 78.285 Executing VM operation: Cleanup
Event: 78.331 Executing VM operation: Cleanup done
Event: 78.403 Executing VM operation: HandshakeAllThreads (Deoptimize)
Event: 78.427 Executing VM operation: HandshakeAllThreads (Deoptimize) done
Event: 79.442 Executing VM operation: Cleanup
Event: 79.442 Executing VM operation: Cleanup done
Event: 82.473 Executing VM operation: Cleanup
Event: 82.507 Executing VM operation: Cleanup done
Event: 83.514 Executing VM operation: Cleanup
Event: 83.707 Executing VM operation: Cleanup done
Event: 85.718 Executing VM operation: Cleanup
Event: 85.749 Executing VM operation: Cleanup done

Memory protections (0 events):
No events

Nmethod flushes (20 events):
Event: 71.715 Thread 0x0000016478810310 flushing  nmethod 0x000001644ce94710
Event: 71.715 Thread 0x0000016478810310 flushing  nmethod 0x000001644cecac10
Event: 71.715 Thread 0x0000016478810310 flushing  nmethod 0x000001644cf38a90
Event: 71.715 Thread 0x0000016478810310 flushing  nmethod 0x000001644d082510
Event: 71.715 Thread 0x0000016478810310 flushing  nmethod 0x000001644d0f5b10
Event: 71.715 Thread 0x0000016478810310 flushing  nmethod 0x000001644d1fc690
Event: 71.715 Thread 0x0000016478810310 flushing  nmethod 0x000001644d33b710
Event: 71.715 Thread 0x0000016478810310 flushing  nmethod 0x000001644d428a10
Event: 71.715 Thread 0x0000016478810310 flushing  nmethod 0x000001644d46e110
Event: 71.715 Thread 0x0000016478810310 flushing  nmethod 0x000001644d4bb390
Event: 71.715 Thread 0x0000016478810310 flushing  nmethod 0x000001644d6bb190
Event: 71.715 Thread 0x0000016478810310 flushing  nmethod 0x000001644d71fd10
Event: 71.715 Thread 0x0000016478810310 flushing  nmethod 0x000001644d7da190
Event: 71.715 Thread 0x0000016478810310 flushing  nmethod 0x000001644d8e5990
Event: 71.715 Thread 0x0000016478810310 flushing  nmethod 0x000001644d9ba590
Event: 71.715 Thread 0x0000016478810310 flushing  nmethod 0x000001644d9c0590
Event: 71.715 Thread 0x0000016478810310 flushing  nmethod 0x000001644da2eb10
Event: 71.715 Thread 0x0000016478810310 flushing  nmethod 0x000001644dad5310
Event: 71.715 Thread 0x0000016478810310 flushing  nmethod 0x000001644dad5790
Event: 71.715 Thread 0x0000016478810310 flushing  nmethod 0x000001644dad6410

Events (20 events):
Event: 56.562 Thread 0x000001647e2ee900 Thread added: 0x000001647e2ee270
Event: 69.392 Thread 0x000001647d0873b0 Thread added: 0x000001647e27e000
Event: 69.869 Thread 0x000001647e27e000 Thread exited: 0x000001647e27e000
Event: 70.171 Thread 0x0000016402da7550 Thread added: 0x000001647e2ef620
Event: 70.171 Thread 0x0000016402da7550 Thread added: 0x000001647e2ec1a0
Event: 71.401 Thread 0x000001647d0873b0 Thread added: 0x000001647e27e000
Event: 72.007 Thread 0x000001647e27e000 Thread exited: 0x000001647e27e000
Event: 72.539 Thread 0x0000016402da8900 Thread added: 0x000001647e2f0340
Event: 72.551 Thread 0x000001647d0873b0 Thread added: 0x00000164090e6830
Event: 72.651 Thread 0x0000016402da7550 Thread added: 0x000001647e2f2aa0
Event: 73.348 Thread 0x000001647e2ec1a0 Thread added: 0x000001647e2f1060
Event: 73.735 Thread 0x00000164090e6830 Thread exited: 0x00000164090e6830
Event: 77.179 Thread 0x000001647e2f1060 Thread exited: 0x000001647e2f1060
Event: 78.003 Thread 0x000001647e2ec1a0 Thread added: 0x000001647e2f1060
Event: 78.116 Thread 0x000001647e2ec1a0 Thread added: 0x000001647e2f16f0
Event: 78.119 Loaded shared library C:\Program Files\Android\Android Studio\jbr\bin\rmi.dll
Event: 78.126 Thread 0x000001647e2ec1a0 Thread added: 0x000001647e2f1d80
Event: 78.827 Thread 0x000001647e2ec1a0 Thread added: 0x000001647e2f2410
Event: 78.828 Thread 0x000001647e2ec1a0 Thread added: 0x000001647e2f3130
Event: 79.009 Thread 0x000001647e2f2410 Thread added: 0x000001640a6e14e0


Dynamic libraries:
0x00007ff6f8c30000 - 0x00007ff6f8c3a000 	C:\Program Files\Android\Android Studio\jbr\bin\java.exe
0x00007ff9054a0000 - 0x00007ff905709000 	C:\WINDOWS\SYSTEM32\ntdll.dll
0x00007ff903270000 - 0x00007ff903339000 	C:\WINDOWS\System32\KERNEL32.DLL
0x00007ff902a10000 - 0x00007ff902e03000 	C:\WINDOWS\System32\KERNELBASE.dll
0x00007ff903120000 - 0x00007ff90326b000 	C:\WINDOWS\System32\ucrtbase.dll
0x00007ff8f0b20000 - 0x00007ff8f0b38000 	C:\Program Files\Android\Android Studio\jbr\bin\jli.dll
0x00007ff9036c0000 - 0x00007ff903884000 	C:\WINDOWS\System32\USER32.dll
0x00007ff902ed0000 - 0x00007ff902ef7000 	C:\WINDOWS\System32\win32u.dll
0x00007ff904ec0000 - 0x00007ff904eeb000 	C:\WINDOWS\System32\GDI32.dll
0x00007ff9027b0000 - 0x00007ff9028dd000 	C:\WINDOWS\System32\gdi32full.dll
0x00007ff903070000 - 0x00007ff903113000 	C:\WINDOWS\System32\msvcp_win.dll
0x00007ff8f08b0000 - 0x00007ff8f08cb000 	C:\Program Files\Android\Android Studio\jbr\bin\VCRUNTIME140.dll
0x00007ff8eace0000 - 0x00007ff8eaf73000 	C:\WINDOWS\WinSxS\amd64_microsoft.windows.common-controls_6595b64144ccf1df_6.0.26100.5074_none_3e0d6f78e32fd63f\COMCTL32.dll
0x00007ff905000000 - 0x00007ff9050a9000 	C:\WINDOWS\System32\msvcrt.dll
0x00007ff903580000 - 0x00007ff9035af000 	C:\WINDOWS\System32\IMM32.DLL
0x00007ff8f5d50000 - 0x00007ff8f5d5c000 	C:\Program Files\Android\Android Studio\jbr\bin\vcruntime140_1.dll
0x00007ff8c2f00000 - 0x00007ff8c2f8d000 	C:\Program Files\Android\Android Studio\jbr\bin\msvcp140.dll
0x00007ff866da0000 - 0x00007ff867a36000 	C:\Program Files\Android\Android Studio\jbr\bin\server\jvm.dll
0x00007ff9034c0000 - 0x00007ff903574000 	C:\WINDOWS\System32\ADVAPI32.dll
0x00007ff9050b0000 - 0x00007ff905156000 	C:\WINDOWS\System32\sechost.dll
0x00007ff905160000 - 0x00007ff905278000 	C:\WINDOWS\System32\RPCRT4.dll
0x00007ff9047d0000 - 0x00007ff904844000 	C:\WINDOWS\System32\WS2_32.dll
0x00007ff901250000 - 0x00007ff9012ae000 	C:\WINDOWS\SYSTEM32\POWRPROF.dll
0x00007ff8facf0000 - 0x00007ff8fad25000 	C:\WINDOWS\SYSTEM32\WINMM.dll
0x00007ff8f04f0000 - 0x00007ff8f04fb000 	C:\WINDOWS\SYSTEM32\VERSION.dll
0x00007ff901230000 - 0x00007ff901244000 	C:\WINDOWS\SYSTEM32\UMPDC.dll
0x00007ff901530000 - 0x00007ff90154b000 	C:\WINDOWS\SYSTEM32\kernel.appcore.dll
0x00007ff8f0a50000 - 0x00007ff8f0a5a000 	C:\Program Files\Android\Android Studio\jbr\bin\jimage.dll
0x00007ff8ffca0000 - 0x00007ff8ffee2000 	C:\WINDOWS\SYSTEM32\DBGHELP.DLL
0x00007ff904a80000 - 0x00007ff904dfb000 	C:\WINDOWS\System32\combase.dll
0x00007ff903360000 - 0x00007ff903437000 	C:\WINDOWS\System32\OLEAUT32.dll
0x00007ff8e4c70000 - 0x00007ff8e4cad000 	C:\WINDOWS\SYSTEM32\dbgcore.DLL
0x00007ff9028e0000 - 0x00007ff902979000 	C:\WINDOWS\System32\bcryptPrimitives.dll
0x00007ff8ec9e0000 - 0x00007ff8ec9ee000 	C:\Program Files\Android\Android Studio\jbr\bin\instrument.dll
0x00007ff8ec9f0000 - 0x00007ff8eca10000 	C:\Program Files\Android\Android Studio\jbr\bin\java.dll
0x00007ff8e3d70000 - 0x00007ff8e3d88000 	C:\Program Files\Android\Android Studio\jbr\bin\zip.dll
0x00007ff904050000 - 0x00007ff90479d000 	C:\WINDOWS\System32\SHELL32.dll
0x00007ff902f00000 - 0x00007ff90306c000 	C:\WINDOWS\System32\wintypes.dll
0x00007ff900260000 - 0x00007ff900ab9000 	C:\WINDOWS\SYSTEM32\windows.storage.dll
0x00007ff9035c0000 - 0x00007ff9036b0000 	C:\WINDOWS\System32\SHCORE.dll
0x00007ff904f80000 - 0x00007ff904fe2000 	C:\WINDOWS\System32\shlwapi.dll
0x00007ff902550000 - 0x00007ff902579000 	C:\WINDOWS\SYSTEM32\profapi.dll
0x00007ff8f0770000 - 0x00007ff8f0780000 	C:\Program Files\Android\Android Studio\jbr\bin\net.dll
0x00007ff8f19a0000 - 0x00007ff8f1abf000 	C:\WINDOWS\SYSTEM32\WINHTTP.dll
0x00007ff901ab0000 - 0x00007ff901b1b000 	C:\WINDOWS\system32\mswsock.dll
0x00007ff8e3d50000 - 0x00007ff8e3d66000 	C:\Program Files\Android\Android Studio\jbr\bin\nio.dll
0x00007ff8f0640000 - 0x00007ff8f0650000 	C:\Program Files\Android\Android Studio\jbr\bin\verify.dll
0x00007ff8c7110000 - 0x00007ff8c7137000 	C:\Users\Sange\.gradle\native\c067742578af261105cb4f569cf0c3c89f3d7b1fecec35dd04571415982c5e48\windows-amd64\native-platform.dll
0x00007ff8c4130000 - 0x00007ff8c4274000 	C:\Users\Sange\.gradle\native\100fb08df4bc3b14c8652ba06237920a3bd2aa13389f12d3474272988ae205f9\windows-amd64\native-platform-file-events.dll
0x00007ff8ed6f0000 - 0x00007ff8ed6f9000 	C:\Program Files\Android\Android Studio\jbr\bin\management.dll
0x00007ff8ed650000 - 0x00007ff8ed65b000 	C:\Program Files\Android\Android Studio\jbr\bin\management_ext.dll
0x00007ff903ea0000 - 0x00007ff903ea8000 	C:\WINDOWS\System32\PSAPI.DLL
0x00007ff901d50000 - 0x00007ff901d6b000 	C:\WINDOWS\SYSTEM32\CRYPTSP.dll
0x00007ff901490000 - 0x00007ff9014cb000 	C:\WINDOWS\system32\rsaenh.dll
0x00007ff901b50000 - 0x00007ff901b7b000 	C:\WINDOWS\SYSTEM32\USERENV.dll
0x00007ff902520000 - 0x00007ff902546000 	C:\WINDOWS\SYSTEM32\bcrypt.dll
0x00007ff901d70000 - 0x00007ff901d7c000 	C:\WINDOWS\SYSTEM32\CRYPTBASE.dll
0x00007ff900e90000 - 0x00007ff900ec4000 	C:\WINDOWS\SYSTEM32\IPHLPAPI.DLL
0x00007ff904ff0000 - 0x00007ff904ffa000 	C:\WINDOWS\System32\NSI.dll
0x00007ff8ed430000 - 0x00007ff8ed439000 	C:\Program Files\Android\Android Studio\jbr\bin\extnet.dll
0x00007ff888110000 - 0x00007ff888118000 	C:\WINDOWS\system32\wshunix.dll
0x00007ff8e2fc0000 - 0x00007ff8e2fd8000 	C:\WINDOWS\system32\napinsp.dll
0x00007ff900ed0000 - 0x00007ff900ff6000 	C:\WINDOWS\SYSTEM32\DNSAPI.dll
0x00007ff8e0550000 - 0x00007ff8e0562000 	C:\WINDOWS\System32\winrnr.dll
0x00007ff8e0520000 - 0x00007ff8e0548000 	C:\WINDOWS\system32\nlansp_c.dll
0x00007ff8f2a00000 - 0x00007ff8f2a16000 	C:\WINDOWS\system32\wshbth.dll
0x00007ff8f02e0000 - 0x00007ff8f02eb000 	C:\Windows\System32\rasadhlp.dll
0x00007ff8f38e0000 - 0x00007ff8f3966000 	C:\WINDOWS\System32\fwpuclnt.dll
0x00007ff8ec9a0000 - 0x00007ff8ec9a7000 	C:\Program Files\Android\Android Studio\jbr\bin\rmi.dll

JVMTI agents:
C:\Users\Sange\.gradle\wrapper\dists\gradle-8.9-all\6m0mbzute7p0zdleavqlib88a\gradle-8.9\lib\agents\gradle-instrumentation-agent-8.9.jar path:C:\Program Files\Android\Android Studio\jbr\bin\instrument.dll, loaded, initialized, instrumentlib options:none

dbghelp: loaded successfully - version: 4.0.5 - missing functions: none
symbol engine: initialized successfully - sym options: 0x614 - pdb path: .;C:\Program Files\Android\Android Studio\jbr\bin;C:\WINDOWS\SYSTEM32;C:\WINDOWS\WinSxS\amd64_microsoft.windows.common-controls_6595b64144ccf1df_6.0.26100.5074_none_3e0d6f78e32fd63f;C:\Program Files\Android\Android Studio\jbr\bin\server;C:\Users\Sange\.gradle\native\c067742578af261105cb4f569cf0c3c89f3d7b1fecec35dd04571415982c5e48\windows-amd64;C:\Users\Sange\.gradle\native\100fb08df4bc3b14c8652ba06237920a3bd2aa13389f12d3474272988ae205f9\windows-amd64

VM Arguments:
jvm_args: -XX:MaxMetaspaceSize=4G -XX:ReservedCodeCacheSize=512m -XX:+HeapDumpOnOutOfMemoryError --add-opens=java.base/java.util=ALL-UNNAMED --add-opens=java.base/java.lang=ALL-UNNAMED --add-opens=java.base/java.lang.invoke=ALL-UNNAMED --add-opens=java.prefs/java.util.prefs=ALL-UNNAMED --add-exports=jdk.compiler/com.sun.tools.javac.api=ALL-UNNAMED --add-exports=jdk.compiler/com.sun.tools.javac.util=ALL-UNNAMED --add-opens=java.base/java.nio.charset=ALL-UNNAMED --add-opens=java.base/java.net=ALL-UNNAMED --add-opens=java.base/java.util.concurrent.atomic=ALL-UNNAMED -Xmx8G -Dfile.encoding=UTF-8 -Duser.country=ZA -Duser.language=en -Duser.variant -javaagent:C:\Users\Sange\.gradle\wrapper\dists\gradle-8.9-all\6m0mbzute7p0zdleavqlib88a\gradle-8.9\lib\agents\gradle-instrumentation-agent-8.9.jar 
java_command: org.gradle.launcher.daemon.bootstrap.GradleDaemon 8.9
java_class_path (initial): C:\Users\Sange\.gradle\wrapper\dists\gradle-8.9-all\6m0mbzute7p0zdleavqlib88a\gradle-8.9\lib\gradle-daemon-main-8.9.jar
Launcher Type: SUN_STANDARD

[Global flags]
     intx CICompilerCount                          = 3                                         {product} {ergonomic}
     uint ConcGCThreads                            = 1                                         {product} {ergonomic}
     uint G1ConcRefinementThreads                  = 4                                         {product} {ergonomic}
   size_t G1HeapRegionSize                         = 4194304                                   {product} {ergonomic}
    uintx GCDrainStackTargetSize                   = 64                                        {product} {ergonomic}
     bool HeapDumpOnOutOfMemoryError               = true                                   {manageable} {command line}
   size_t InitialHeapSize                          = 134217728                                 {product} {ergonomic}
   size_t MarkStackSize                            = 4194304                                   {product} {ergonomic}
   size_t MaxHeapSize                              = 8589934592                                {product} {command line}
   size_t MaxMetaspaceSize                         = 4294967296                                {product} {command line}
   size_t MaxNewSize                               = 5150605312                                {product} {ergonomic}
   size_t MinHeapDeltaBytes                        = 4194304                                   {product} {ergonomic}
   size_t MinHeapSize                              = 8388608                                   {product} {ergonomic}
    uintx NonNMethodCodeHeapSize                   = 5832780                                {pd product} {ergonomic}
    uintx NonProfiledCodeHeapSize                  = 265519066                              {pd product} {ergonomic}
    uintx ProfiledCodeHeapSize                     = 265519066                              {pd product} {ergonomic}
    uintx ReservedCodeCacheSize                    = 536870912                              {pd product} {command line}
     bool SegmentedCodeCache                       = true                                      {product} {ergonomic}
   size_t SoftMaxHeapSize                          = 8589934592                             {manageable} {ergonomic}
     bool UseCompressedOops                        = true                           {product lp64_product} {ergonomic}
     bool UseG1GC                                  = true                                      {product} {ergonomic}
     bool UseLargePagesIndividualAllocation        = false                                  {pd product} {ergonomic}

Logging:
Log output configuration:
 #0: stdout all=warning uptime,level,tags foldmultilines=false
 #1: stderr all=off uptime,level,tags foldmultilines=false

Environment Variables:
JAVA_HOME=C:\Program Files\Android\Android Studio\jbr
CLASSPATH=C:\Users\Sange\New Aqualink\aqua-link-grow-smart\android\\gradle\wrapper\gradle-wrapper.jar
PATH=C:\Program Files\Android\Android Studio\jbr\bin;C:\Users\Sange\AppData\Local\Programs\Python\Python313\Scripts\;C:\Users\Sange\AppData\Local\Programs\Python\Python313\;C:\Program Files (x86)\Common Files\Oracle\Java\java8path;C:\Program Files (x86)\Common Files\Oracle\Java\javapath;C:\oraclexe\app\oracle\product\11.2.0\server\bin;C:\WINDOWS\system32;C:\WINDOWS;C:\WINDOWS\System32\Wbem;C:\WINDOWS\System32\WindowsPowerShell\v1.0\;C:\WINDOWS\System32\OpenSSH\;C:\Program Files\dotnet\;C:\ProgramData\chocolatey\bin;C:\Users\Sange\AppData\Local\nvm;C:\nvm4w\nodejs;C:\Users\Sange\AppData\Local\nvm;C:\Users\Sange\AppData\Roaming\nvm;C:\Program Files\Git\cmd;C:\Users\Sange\AppData\Local\Microsoft\WindowsApps;C:\Users\Sange\AppData\Local\Programs\Microsoft VS Code\bin;C:\Program Files\JetBrains\PyCharm Community Edition 2024.3.5\bin;;C:\Program Files\JetBrains\PyCharm 2025.1.1.1\bin;;C:\Users\Sange\AppData\Roaming\npm;C:\Users\Sange\AppData\Local\nvm;C:\nvm4w\nodejs;C:\Users\Sange\AppData\Local\Programs\cursor\resources\app\bin;C:\Users\Sange\Flutter\bin;C:\Users\Sange\Flutter\bin\mingit\cmd
USERNAME=Sange
LANG=en_US.UTF-8
OS=Windows_NT
PROCESSOR_IDENTIFIER=Intel64 Family 6 Model 140 Stepping 2, GenuineIntel
TMP=C:\Users\Sange\AppData\Local\Temp
TEMP=C:\Users\Sange\AppData\Local\Temp




Periodic native trim disabled

JNI global refs:
JNI global refs: 26, weak refs: 0

JNI global refs memory usage: 835, weak refs: 833

Process memory usage:
Resident Set Size: 1514288K (18% of 8166712K total physical memory with 409668K free physical memory)

OOME stack traces (most recent first):
Classloader memory used:
Loader org.gradle.internal.classloader.VisitableURLClassLoader                         : 46200K
Loader org.gradle.internal.classloader.VisitableURLClassLoader$InstrumentingVisitableURLClassLoader: 44679K
Loader bootstrap                                                                       : 31007K
Loader org.gradle.initialization.MixInLegacyTypesClassLoader                           : 13194K
Loader jdk.internal.loader.ClassLoaders$PlatformClassLoader                            : 529K
Loader jdk.internal.reflect.DelegatingClassLoader                                      : 416K
Loader org.gradle.groovy.scripts.internal.DefaultScriptCompilationHandler$ScriptClassLoader: 351K
Loader jdk.internal.loader.ClassLoaders$AppClassLoader                                 : 230K
Loader org.gradle.internal.classloader.VisitableURLClassLoader                         : 102K
Loader org.codehaus.groovy.runtime.callsite.CallSiteClassLoader                        : 45992B
Loader sun.reflect.misc.MethodUtil                                                     : 2984B

Classes loaded by more than one classloader:
Class Program                                                                         : loaded 5 times (x 72B)
Class org.jetbrains.kotlin.gradle.utils.Completable$await$1                           : loaded 2 times (x 88B)
Class org.jetbrains.kotlin.gradle.plugin.KotlinGradleBuildServices$Inject             : loaded 2 times (x 100B)
Class com.google.common.base.PairwiseEquivalence                                      : loaded 2 times (x 83B)
Class com.google.common.base.Equivalence$Identity                                     : loaded 2 times (x 82B)
Class com.google.common.collect.RegularImmutableMap$KeySet                            : loaded 2 times (x 150B)
Class org.gradle.internal.classloader.FilteringClassLoader                            : loaded 2 times (x 105B)
Class com.google.common.io.FileWriteMode                                              : loaded 2 times (x 79B)
Class org.jetbrains.kotlin.gradle.plugin.mpp.KotlinVariantWithCoordinates             : loaded 2 times (x 108B)
Class org.jetbrains.kotlin.gradle.internal.KotlinDomApiDependencyManagementKt         : loaded 2 times (x 71B)
Class org.jetbrains.kotlin.gradle.plugin.KotlinPluginLifecycleImpl$launch$coroutine$1 : loaded 2 times (x 76B)
Class org.jetbrains.kotlin.gradle.targets.js.npm.NpmDependencyExtensionKt$defaultNpmDependencyDelegate$1: loaded 2 times (x 167B)
Class org.jetbrains.kotlin.gradle.plugin.diagnostics.checkers.MissingNativeStdlibChecker: loaded 2 times (x 74B)
Class org.jetbrains.kotlin.gradle.plugin.KotlinPlatformType$DisambiguationRule        : loaded 2 times (x 76B)
Class org.jetbrains.kotlin.gradle.plugin.KotlinPlatformType$Companion                 : loaded 2 times (x 71B)
Class org.jetbrains.kotlin.gradle.plugin.internal.ConfigurationCacheStartParameterAccessorKt: loaded 2 times (x 71B)
Class [Lcom.google.common.base.AbstractIterator$State;                                : loaded 2 times (x 69B)
Class com.google.common.base.CharMatcher$IsEither                                     : loaded 2 times (x 111B)
Class org.gradle.internal.classloader.ClassLoaderHierarchy                            : loaded 2 times (x 70B)
Class com.google.common.collect.AbstractMapBasedMultimap$WrappedCollection            : loaded 2 times (x 124B)
Class org.jetbrains.kotlin.gradle.plugin.hierarchy.KotlinSourceSetTreeClassifierKt    : loaded 2 times (x 71B)
Class org.jetbrains.kotlin.gradle.report.UsesBuildMetricsService                      : loaded 2 times (x 70B)
Class org.jetbrains.kotlin.gradle.plugin.mpp.compilationImpl.factory.KotlinCompilationImplFactory$KotlinCompilationSourceSetsContainerFactory: loaded 2 times (x 70B)
Class org.jetbrains.kotlin.gradle.utils.MutableObservableSet                          : loaded 2 times (x 70B)
Class org.jetbrains.kotlin.gradle.dsl.KotlinHierarchyDsl                              : loaded 2 times (x 70B)
Class org.jetbrains.kotlin.gradle.targets.metadata.KotlinMetadataTargetConfiguratorKt$isNativeSourceSet$2: loaded 2 times (x 95B)
Class org.jetbrains.kotlin.gradle.report.BuildReportType                              : loaded 2 times (x 79B)
Class org.jetbrains.kotlin.statistics.metrics.StringAnonymizationPolicy$AllowedListAnonymizer: loaded 2 times (x 79B)
Class com.google.common.collect.ImmutableEnumSet                                      : loaded 2 times (x 146B)
Class com.google.common.util.concurrent.ExecutionError                                : loaded 2 times (x 82B)
Class com.google.common.collect.ImmutableList$1                                       : loaded 2 times (x 97B)
Class org.gradle.api.internal.classpath.ManifestUtil                                  : loaded 2 times (x 71B)
Class org.jetbrains.kotlin.gradle.tasks.KotlinCompile$androidLayoutResources$1        : loaded 2 times (x 74B)
Class org.jetbrains.kotlin.gradle.report.GradleBuildMetricsReporter                   : loaded 2 times (x 98B)
Class org.jetbrains.kotlin.gradle.utils.FutureKt$future$1                             : loaded 2 times (x 95B)
Class org.jetbrains.kotlin.gradle.plugin.mpp.KotlinMetadataCompilation                : loaded 2 times (x 70B)
Class org.jetbrains.kotlin.gradle.plugin.sources.KotlinDependencyScope                : loaded 2 times (x 79B)
Class org.jetbrains.kotlin.gradle.tasks.configuration.AbstractKotlinCompileConfig$1   : loaded 2 times (x 79B)
Class org.jetbrains.kotlin.gradle.plugin.mpp.compilationImpl.KotlinCompilationFriendPathsResolver: loaded 2 times (x 70B)
Class org.jetbrains.kotlin.gradle.plugin.mpp.KotlinUsages$KotlinMetadataDisambiguation: loaded 2 times (x 76B)
Class com.google.common.collect.RegularImmutableMap                                   : loaded 2 times (x 121B)
Class com.google.common.collect.ImmutableMap$MapViewOfValuesAsSingletonSets           : loaded 2 times (x 125B)
Class org.jetbrains.kotlin.gradle.tasks.AbstractKotlinCompile$compilerRunner$1        : loaded 2 times (x 75B)
Class org.jetbrains.kotlin.gradle.tasks.CacheableTasksKt$cacheOnlyIfEnabledForKotlin$1: loaded 2 times (x 75B)
Class org.jetbrains.kotlin.gradle.tasks.configuration.AbstractKotlinCompileConfig$2   : loaded 2 times (x 79B)
Class org.jetbrains.kotlin.gradle.plugin.mpp.compilationImpl.factory.KotlinCompilationImplFactory$PreConfigure: loaded 2 times (x 70B)
Class org.jetbrains.kotlin.gradle.targets.js.dsl.KotlinJsTargetDsl                    : loaded 2 times (x 70B)
Class org.jetbrains.kotlin.gradle.plugin.KotlinPluginLifecycleImplKt                  : loaded 2 times (x 71B)
Class org.jetbrains.kotlin.gradle.plugin.diagnostics.checkers.DeprecatedKotlinNativeTargetsChecker$runChecks$1: loaded 2 times (x 88B)
Class org.jetbrains.kotlin.gradle.plugin.KotlinPluginLifecycleImpl$WhenMappings       : loaded 2 times (x 71B)
Class org.jetbrains.kotlin.gradle.dsl.KotlinCommonCompilerToolOptionsHelper           : loaded 2 times (x 71B)
Class org.jetbrains.kotlin.gradle.plugin.KotlinTargetComponent                        : loaded 2 times (x 70B)
Class org.jetbrains.kotlin.statistics.metrics.StringOverridePolicy$OVERRIDE_VERSION_IF_NOT_SET: loaded 2 times (x 85B)
Class org.jetbrains.kotlin.gradle.plugin.VariantImplementationFactories$Companion$getProvider$1: loaded 2 times (x 75B)
Class org.jetbrains.kotlin.gradle.dsl.KotlinProjectExtension                          : loaded 2 times (x 122B)
Class [Lorg.objectweb.asm.Symbol;                                                     : loaded 2 times (x 69B)
Class org.objectweb.asm.ClassVisitor                                                  : loaded 2 times (x 88B)
Class com.google.common.collect.UnmodifiableListIterator                              : loaded 2 times (x 95B)
Class org.jetbrains.kotlin.gradle.plugin.KotlinPluginLifecycle$ProjectConfigurationResult$Failure: loaded 2 times (x 72B)
Class org.jetbrains.kotlin.gradle.plugin.sources.DefaultKotlinSourceSet$MetadataDependencyTransformation: loaded 2 times (x 72B)
Class org.jetbrains.kotlin.gradle.tasks.DefaultKotlinJavaToolchain$Companion          : loaded 2 times (x 71B)
Class org.jetbrains.kotlin.gradle.tasks.DefaultKotlinJavaToolchain                    : loaded 2 times (x 77B)
Class org.jetbrains.kotlin.gradle.plugin.KotlinGradleBuildServices                    : loaded 2 times (x 80B)
Class [Lorg.jetbrains.kotlin.statistics.ValueAnonymizer;                              : loaded 2 times (x 69B)
Class org.objectweb.asm.MethodTooLargeException                                       : loaded 2 times (x 83B)
Class [Lcom.google.common.cache.CacheBuilder$OneWeigher;                              : loaded 2 times (x 69B)
Class com.google.common.base.Suppliers                                                : loaded 2 times (x 71B)
Class com.google.common.base.Platform$JdkPatternCompiler                              : loaded 2 times (x 75B)
Class org.gradle.internal.classloader.DefaultClassLoaderFactory                       : loaded 2 times (x 82B)
Class org.jetbrains.kotlin.compilerRunner.CompilerSystemPropertiesService$Parameters_Decorated: loaded 2 times (x 134B)
Class org.jetbrains.kotlin.gradle.plugin.KotlinTargetWithTests                        : loaded 2 times (x 70B)
Class org.jetbrains.kotlin.gradle.plugin.diagnostics.ToolingDiagnosticRenderingOptions: loaded 2 times (x 72B)
Class [Lorg.jetbrains.kotlin.gradle.dsl.KotlinVersion;                                : loaded 2 times (x 69B)
Class org.jetbrains.kotlin.gradle.plugin.diagnostics.checkers.JsEnvironmentChecker    : loaded 2 times (x 76B)
Class org.jetbrains.kotlin.gradle.targets.js.npm.NpmDependencyExtensionKt             : loaded 2 times (x 71B)
Class org.jetbrains.kotlin.gradle.report.BuildMetricsService                          : loaded 2 times (x 86B)
Class org.jetbrains.kotlin.statistics.metrics.NumberAnonymizationPolicy               : loaded 2 times (x 85B)
Class org.jetbrains.kotlin.statistics.metrics.StringAnonymizationPolicy               : loaded 2 times (x 78B)
Class com.google.common.base.CharMatcher$None                                         : loaded 2 times (x 112B)
Class org.gradle.internal.classloader.ClassLoaderVisitor                              : loaded 2 times (x 76B)
Class org.jetbrains.kotlin.build.report.metrics.BuildPerformanceMetrics               : loaded 2 times (x 72B)
Class org.jetbrains.kotlin.gradle.plugin.mpp.compilationImpl.KotlinCompilationLanguageSettingsConfigurator: loaded 2 times (x 74B)
Class org.jetbrains.kotlin.gradle.plugin.KotlinPluginLifecycleKt$await$1              : loaded 2 times (x 88B)
Class [Lorg.jetbrains.kotlin.gradle.plugin.KotlinCompilation;                         : loaded 2 times (x 69B)
Class org.jetbrains.kotlin.gradle.plugin.mpp.KotlinTargetComponentWithPublication     : loaded 2 times (x 70B)
Class org.jetbrains.kotlin.gradle.dsl.KotlinTargetContainerWithJsPresetFunctions      : loaded 2 times (x 70B)
Class org.jetbrains.kotlin.gradle.report.ReportingSettings$Companion                  : loaded 2 times (x 71B)
Class org.jetbrains.kotlin.gradle.report.ConfigureReporingKt                          : loaded 2 times (x 71B)
Class org.jetbrains.kotlin.tooling.core.TypeUtils                                     : loaded 2 times (x 71B)
Class [Lcom.google.common.collect.ImmutableMapEntry;                                  : loaded 2 times (x 69B)
Class org.gradle.api.internal.classpath.EffectiveClassPath                            : loaded 2 times (x 90B)
Class org.jetbrains.kotlin.gradle.utils.CompatibilityKt                               : loaded 2 times (x 71B)
Class org.jetbrains.kotlin.gradle.plugin.mpp.compilationImpl.DefaultKotlinCompilationConfigurationsContainer: loaded 2 times (x 85B)
Class com.google.common.collect.ImmutableRangeSet                                     : loaded 2 times (x 115B)
Class org.jetbrains.kotlin.gradle.tasks.TasksProviderKt                               : loaded 2 times (x 71B)
Class org.jetbrains.kotlin.gradle.plugin.diagnostics.ToolingDiagnostic                : loaded 2 times (x 72B)
Class org.jetbrains.kotlin.gradle.plugin.sources.DefaultKotlinSourceSetFactory        : loaded 2 times (x 80B)
Class com.google.common.collect.ImmutableEnumMap                                      : loaded 2 times (x 125B)
Class com.google.common.collect.ListMultimap                                          : loaded 2 times (x 70B)
Class com.google.common.collect.ImmutableSet$SerializedForm                           : loaded 2 times (x 73B)
Class org.jetbrains.kotlin.incremental.ClasspathChanges                               : loaded 2 times (x 71B)
Class org.jetbrains.kotlin.buildtools.api.jvm.ClassSnapshotGranularity                : loaded 2 times (x 79B)
Class org.jetbrains.kotlin.gradle.ExternalKotlinTargetApi                             : loaded 2 times (x 70B)
Class com.google.common.collect.Iterators$EmptyModifiableIterator                     : loaded 2 times (x 86B)
Class org.jetbrains.kotlin.gradle.plugin.diagnostics.checkers.AndroidPluginWithoutAndroidTargetChecker$runChecks$1: loaded 2 times (x 88B)
Class org.jetbrains.kotlin.gradle.plugin.diagnostics.checkers.AndroidSourceSetLayoutV1SourceSetsNotFoundChecker$runChecks$1: loaded 2 times (x 88B)
Class org.jetbrains.kotlin.gradle.plugin.diagnostics.KotlinGradleProjectCheckersRunnerKt$launchKotlinGradleProjectCheckers$1$1: loaded 2 times (x 95B)
Class org.jetbrains.kotlin.statistics.metrics.BooleanAnonymizationPolicy              : loaded 2 times (x 85B)
Class org.jetbrains.kotlin.statistics.metrics.BooleanOverridePolicy$OVERRIDE          : loaded 2 times (x 85B)
Class org.jetbrains.kotlin.gradle.plugin.VariantImplementationFactoriesConfigurator$Companion$getProvider$1: loaded 2 times (x 74B)
Class com.google.common.collect.Sets$1                                                : loaded 2 times (x 139B)
Class org.objectweb.asm.AnnotationVisitor                                             : loaded 2 times (x 78B)
Class com.google.common.base.Splitter                                                 : loaded 2 times (x 72B)
Class org.gradle.api.internal.DefaultClassPathProvider                                : loaded 2 times (x 76B)
Class org.jetbrains.kotlin.statistics.metrics.OverrideMetricContainer                 : loaded 2 times (x 80B)
Class com.google.common.collect.Maps$ViewCachingAbstractMap                           : loaded 2 times (x 125B)
Class org.jetbrains.kotlin.gradle.tasks.configuration.BaseKotlinCompileConfig$1$3$classpathEntrySnapshotFiles$1: loaded 2 times (x 74B)
Class org.jetbrains.kotlin.gradle.tasks.configuration.KaptGenerateStubsConfig$Companion$wireJavaAndKotlinOutputs$1: loaded 2 times (x 79B)
Class org.jetbrains.kotlin.gradle.plugin.KotlinPluginLifecycleCoroutineContextElement : loaded 2 times (x 84B)
Class org.jetbrains.kotlin.gradle.dsl.PlatformSourceSetConventionsChecker             : loaded 2 times (x 74B)
Class org.jetbrains.kotlin.gradle.plugin.diagnostics.checkers.KotlinSourceSetTreeDependsOnMismatchChecker: loaded 2 times (x 74B)
Class org.jetbrains.kotlin.statistics.metrics.NumericalMetrics                        : loaded 2 times (x 80B)
Class org.jetbrains.kotlin.gradle.plugin.VariantImplementationFactories$Companion$getProvider$2$1: loaded 2 times (x 79B)
Class com.google.common.collect.Sets$2                                                : loaded 2 times (x 139B)
Class [Lorg.gradle.api.internal.ClassPathProvider;                                    : loaded 2 times (x 69B)
Class org.gradle.api.internal.ClassPathProvider                                       : loaded 2 times (x 70B)
Class build_ds31pfo3xnyv8azmn7srqwxve$_run_closure1                                   : loaded 2 times (x 139B)
Class org.jetbrains.kotlin.cli.common.CompilerSystemProperties                        : loaded 2 times (x 80B)
Class org.jetbrains.kotlin.gradle.plugin.diagnostics.CheckKotlinGradlePluginConfigurationErrors$Companion: loaded 2 times (x 71B)
Class org.jetbrains.kotlin.gradle.tasks.KotlinJvmCompile$DefaultImpls                 : loaded 2 times (x 71B)
Class org.jetbrains.kotlin.gradle.tasks.CacheableTasksKt                              : loaded 2 times (x 71B)
Class org.jetbrains.kotlin.gradle.plugin.diagnostics.checkers.UnusedSourceSetsChecker$runChecks$1: loaded 2 times (x 88B)
Class org.jetbrains.kotlin.gradle.targets.js.npm.PeerNpmDependencyExtension           : loaded 2 times (x 70B)
Class org.jetbrains.kotlin.gradle.dsl.AndroidMainSourceSetConventionsChecker          : loaded 2 times (x 74B)
Class org.jetbrains.kotlin.build.report.metrics.GradleBuildPerformanceMetric          : loaded 2 times (x 92B)
Class [Lorg.objectweb.asm.AnnotationVisitor;                                          : loaded 2 times (x 69B)
Class com.google.common.collect.Sets$3                                                : loaded 2 times (x 139B)
Class com.google.common.util.concurrent.AbstractFuture$SafeAtomicHelper               : loaded 2 times (x 79B)
Class com.google.common.cache.LocalCache$LocalLoadingCache                            : loaded 2 times (x 134B)
Class com.google.common.base.AbstractIterator$State                                   : loaded 2 times (x 79B)
Class org.gradle.internal.service.UnknownServiceException                             : loaded 2 times (x 83B)
Class org.jetbrains.kotlin.gradle.tasks.configuration.BaseKotlinCompileConfig$2$1$1$1 : loaded 2 times (x 74B)
Class org.jetbrains.kotlin.gradle.tasks.KotlinCompile$ScriptFilterSpec                : loaded 2 times (x 75B)
Class org.jetbrains.kotlin.gradle.targets.js.npm.DefaultPeerNpmDependencyExtension    : loaded 2 times (x 141B)
Class org.jetbrains.kotlin.gradle.plugin.KotlinPluginLifecycleKt                      : loaded 2 times (x 71B)
Class org.jetbrains.kotlin.gradle.plugin.mpp.AbstractKotlinTarget                     : loaded 2 times (x 156B)
Class org.jetbrains.kotlin.gradle.plugin.VariantImplementationFactoriesConfigurator$Inject: loaded 2 times (x 96B)
Class org.jetbrains.kotlin.gradle.dsl.KotlinSingleTargetExtension                     : loaded 2 times (x 124B)
Class com.google.common.collect.Sets$4                                                : loaded 2 times (x 139B)
Class org.objectweb.asm.ModuleVisitor                                                 : loaded 2 times (x 81B)
Class com.google.common.cache.LocalCache$Strength$1                                   : loaded 2 times (x 81B)
Class org.jetbrains.kotlin.gradle.tasks.configuration.BaseKotlinCompileConfig$2$1$1$2 : loaded 2 times (x 74B)
Class org.jetbrains.kotlin.gradle.plugin.mpp.KotlinCompilationsKt$addSourcesToKotlinCompileTask$configureAction$2: loaded 2 times (x 79B)
Class org.jetbrains.kotlin.gradle.plugin.mpp.compilationImpl.KotlinCompilationTaskNamesContainer: loaded 2 times (x 72B)
Class org.jetbrains.kotlin.gradle.plugin.mpp.compilationImpl.factory.KotlinCompilationImplFactory$KotlinCompilerOptionsFactory: loaded 2 times (x 70B)
Class org.jetbrains.kotlin.gradle.targets.js.npm.NpmDependencyExtension               : loaded 2 times (x 70B)
Class org.jetbrains.kotlin.gradle.plugin.LanguageSettingsBuilder                      : loaded 2 times (x 70B)
Class org.jetbrains.kotlin.gradle.plugin.BuildEventsListenerRegistryHolder$Companion  : loaded 2 times (x 71B)
Class [Lorg.jetbrains.kotlin.statistics.metrics.StringMetrics;                        : loaded 2 times (x 69B)
Class com.google.common.util.concurrent.SettableFuture                                : loaded 2 times (x 114B)
Class com.google.common.cache.LocalCache$Strength$2                                   : loaded 2 times (x 81B)
Class com.google.common.collect.TransformedIterator                                   : loaded 2 times (x 80B)
Class org.jetbrains.kotlin.gradle.tasks.KotlinJavaToolchain$JdkSetter                 : loaded 2 times (x 70B)
Class org.jetbrains.kotlin.gradle.utils.ConfigurationCacheKt                          : loaded 2 times (x 71B)
Class org.jetbrains.kotlin.gradle.plugin.KotlinPluginLifecycle$ProjectConfigurationResult$Success: loaded 2 times (x 71B)
Class org.jetbrains.kotlin.gradle.internal.StdlibDependencyManagementKt$configureStdlibVersionAlignment$1: loaded 2 times (x 75B)
Class org.jetbrains.kotlin.gradle.dsl.PlatformSourceSetConventionsChecker$CheckedPlatformInfo: loaded 2 times (x 72B)
Class org.jetbrains.kotlin.gradle.plugin.mpp.KotlinUsages$KotlinCinteropDisambiguation: loaded 2 times (x 76B)
Class org.jetbrains.kotlin.gradle.plugin.KotlinPluginInMultipleProjectsHolder         : loaded 2 times (x 72B)
Class org.jetbrains.kotlin.gradle.report.BuildReportType$Companion                    : loaded 2 times (x 71B)
Class com.google.common.cache.LocalCache$Strength$3                                   : loaded 2 times (x 81B)
Class com.google.common.collect.MapDifference                                         : loaded 2 times (x 70B)
Class com.google.common.base.Splitter$1                                               : loaded 2 times (x 77B)
Class org.jetbrains.kotlin.gradle.tasks.KotlinCompilerPluginData$InputsOutputsState   : loaded 2 times (x 72B)
Class org.jetbrains.kotlin.gradle.plugin.sources.FragmentConsistencyChecks$optInAnnotationsCheck$1: loaded 2 times (x 79B)
Class org.jetbrains.kotlin.gradle.plugin.mpp.AbstractKotlinCompilationToRunnableFiles : loaded 2 times (x 196B)
Class org.jetbrains.kotlin.gradle.plugin.mpp.KotlinUsages$KotlinMetadataCompatibility : loaded 2 times (x 76B)
Class [Lorg.jetbrains.kotlin.gradle.dsl.JvmTarget;                                    : loaded 2 times (x 69B)
Class org.jetbrains.kotlin.gradle.plugin.StatisticsBuildFlowManager$Companion         : loaded 2 times (x 71B)
Class org.jetbrains.kotlin.statistics.metrics.StringMetrics$Companion                 : loaded 2 times (x 71B)
Class org.jetbrains.kotlin.tooling.core.Extras$Type                                   : loaded 2 times (x 72B)
Class org.objectweb.asm.FieldWriter                                                   : loaded 2 times (x 78B)
Class com.google.common.cache.CacheBuilder$NullListener                               : loaded 2 times (x 82B)
Class org.gradle.internal.classpath.TransformedClassPath                              : loaded 2 times (x 96B)
Class org.jetbrains.kotlin.gradle.internal.StdlibDependencyManagementKt$configureStdlibVersionAlignment$1$1$1: loaded 2 times (x 75B)
Class org.jetbrains.kotlin.gradle.plugin.BuildFinishedListenerService$Companion       : loaded 2 times (x 71B)
Class org.jetbrains.kotlin.gradle.plugin.BuildFinishedListenerService                 : loaded 2 times (x 80B)
Class com.google.common.collect.ImmutableRangeSet$AsSet                               : loaded 2 times (x 299B)
Class org.jetbrains.kotlin.gradle.plugin.sources.FragmentConsistencyChecks$optInAnnotationsCheck$2: loaded 2 times (x 78B)
Class com.google.common.cache.CacheLoader$FunctionToCacheLoader                       : loaded 2 times (x 75B)
Class com.google.common.collect.Iterators$ArrayItr                                    : loaded 2 times (x 97B)
Class com.google.common.collect.ImmutableCollection$Builder                           : loaded 2 times (x 76B)
Class org.jetbrains.kotlin.gradle.tasks.configuration.BaseKotlinCompileConfig$1$3$2   : loaded 2 times (x 75B)
Class org.jetbrains.kotlin.gradle.tasks.AbstractKotlinCompileTool$sources$1           : loaded 2 times (x 79B)
Class org.jetbrains.kotlin.gradle.tasks.configuration.TaskConfigAction                : loaded 2 times (x 72B)
Class org.jetbrains.kotlin.gradle.plugin.AbstractKotlinPlugin$Companion               : loaded 2 times (x 71B)
Class org.jetbrains.kotlin.gradle.plugin.KotlinSourceSetTree                          : loaded 2 times (x 72B)
Class org.jetbrains.kotlin.gradle.plugin.KotlinPluginLifecycle$Stage                  : loaded 2 times (x 79B)
Class org.jetbrains.kotlin.gradle.plugin.sources.KotlinSourceSetFactory               : loaded 2 times (x 80B)
Class org.jetbrains.kotlin.gradle.internal.ClassLoadersCachingBuildService$Companion  : loaded 2 times (x 71B)
Class org.jetbrains.kotlin.gradle.plugin.StatisticsBuildFlowManager$subscribeForBuildResult$1$1: loaded 2 times (x 74B)
Class com.google.common.base.Joiner                                                   : loaded 2 times (x 79B)
Class com.google.common.base.MoreObjects                                              : loaded 2 times (x 71B)
Class [Lorg.jetbrains.kotlin.build.report.metrics.BuildAttribute;                     : loaded 2 times (x 69B)
Class org.jetbrains.kotlin.gradle.plugin.hierarchy.KotlinSourceSetTreeClassifier$Default: loaded 2 times (x 71B)
Class org.jetbrains.kotlin.gradle.plugin.mpp.InternalKotlinCompilationKt              : loaded 2 times (x 71B)
Class org.jetbrains.kotlin.gradle.tasks.configuration.AbstractKotlinCompileConfig     : loaded 2 times (x 72B)
Class org.jetbrains.kotlin.gradle.plugin.mpp.compilationImpl.KotlinCompilationImpl$attributes$2: loaded 2 times (x 79B)
Class org.jetbrains.kotlin.build.report.metrics.GradleBuildTime                       : loaded 2 times (x 86B)
Class org.jetbrains.kotlin.gradle.utils.IsolatedKotlinClasspathClassCastException     : loaded 2 times (x 82B)
Class [Lorg.objectweb.asm.Type;                                                       : loaded 2 times (x 69B)
Class com.google.common.collect.Platform                                              : loaded 2 times (x 71B)
Class com.google.common.collect.UnmodifiableIterator                                  : loaded 2 times (x 80B)
Class org.gradle.internal.service.ServiceLocator                                      : loaded 2 times (x 70B)
Class org.jetbrains.kotlin.gradle.tasks.DefaultKotlinJavaToolchain$DefaultJavaToolchainSetter$useAsConvention$1: loaded 2 times (x 75B)
Class org.jetbrains.kotlin.gradle.plugin.KotlinCompilerArgumentsProducer$CreateCompilerArgumentsContext: loaded 2 times (x 70B)
Class org.jetbrains.kotlin.gradle.plugin.diagnostics.RenderReportedDiagnosticsKt      : loaded 2 times (x 71B)
Class org.jetbrains.kotlin.gradle.plugin.hierarchy.KotlinSourceSetTreeClassifierKt$classify$1: loaded 2 times (x 88B)
Class com.google.common.collect.SingletonImmutableBiMap                               : loaded 2 times (x 143B)
Class org.jetbrains.kotlin.gradle.plugin.diagnostics.checkers.WasmSourceSetsNotFoundChecker: loaded 2 times (x 74B)
Class org.jetbrains.kotlin.gradle.plugin.diagnostics.checkers.AndroidSourceSetLayoutV1SourceSetsNotFoundChecker$androidSourceSetRegex$2: loaded 2 times (x 78B)
Class com.google.common.base.Ascii                                                    : loaded 2 times (x 71B)
Class com.google.common.cache.LocalCache$1                                            : loaded 2 times (x 89B)
Class com.google.common.collect.AbstractMapEntry                                      : loaded 2 times (x 81B)
Class org.jetbrains.kotlin.gradle.plugin.KotlinCompilationWithResources               : loaded 2 times (x 70B)
Class com.google.common.collect.Sets$ImprovedAbstractSet                              : loaded 2 times (x 135B)
Class com.google.common.collect.ImmutableList$Builder                                 : loaded 2 times (x 77B)
Class org.jetbrains.kotlin.gradle.plugin.KotlinTargetPreset                           : loaded 2 times (x 70B)
Class org.jetbrains.kotlin.gradle.plugin.diagnostics.checkers.KotlinTargetAlreadyDeclaredChecker: loaded 2 times (x 74B)
Class org.jetbrains.kotlin.gradle.plugin.mpp.KotlinUsages$KotlinJavaRuntimeJarsCompatibility: loaded 2 times (x 76B)
Class org.jetbrains.kotlin.gradle.utils.FileUtilsKt$localProperties$1                 : loaded 2 times (x 75B)
Class com.google.common.cache.LocalCache$2                                            : loaded 2 times (x 142B)
Class com.google.common.collect.AbstractMultimap                                      : loaded 2 times (x 123B)
Class org.jetbrains.kotlin.gradle.tasks.configuration.AbstractKotlinCompileConfig$2$1 : loaded 2 times (x 79B)
Class org.jetbrains.kotlin.gradle.tasks.DefaultKotlinJavaToolchain_Decorated          : loaded 2 times (x 126B)
Class org.jetbrains.kotlin.gradle.plugin.KotlinCompilationInfo$TCS                    : loaded 2 times (x 89B)
Class com.google.common.collect.ImmutableRangeSet$1                                   : loaded 2 times (x 209B)
Class org.jetbrains.kotlin.gradle.plugin.mpp.HasBinaries                              : loaded 2 times (x 70B)
Class org.jetbrains.kotlin.gradle.dsl.KotlinCommonOptions                             : loaded 2 times (x 70B)
Class org.jetbrains.kotlin.gradle.dsl.KotlinJvmProjectExtension                       : loaded 2 times (x 139B)
Class org.jetbrains.kotlin.gradle.plugin.KotlinCompilerArgumentsProducer              : loaded 2 times (x 70B)
Class org.jetbrains.kotlin.build.report.metrics.ValueType                             : loaded 2 times (x 79B)
Class com.google.common.util.concurrent.AbstractFuture$UnsafeAtomicHelper$1           : loaded 2 times (x 76B)
Class com.google.common.collect.RegularImmutableAsList                                : loaded 2 times (x 216B)
Class org.jetbrains.kotlin.build.report.metrics.BuildTimes$Companion                  : loaded 2 times (x 71B)
Class org.jetbrains.kotlin.gradle.tasks.configuration.BaseKotlinCompileConfig$1$classpathConfiguration$1: loaded 2 times (x 75B)
Class com.google.common.collect.Range                                                 : loaded 2 times (x 87B)
Class org.jetbrains.kotlin.gradle.targets.js.npm.NpmDependencyExtensionDelegate       : loaded 2 times (x 167B)
Class org.jetbrains.kotlin.gradle.plugin.sources.FragmentConsistencyChecker           : loaded 2 times (x 72B)
Class org.jetbrains.kotlin.gradle.dsl.DefaultToolchainSupport_Decorated               : loaded 2 times (x 124B)
Class org.jetbrains.kotlin.gradle.report.BuildMetricsService$Companion                : loaded 2 times (x 71B)
Class org.jetbrains.kotlin.gradle.tasks.KotlinCompileTool                             : loaded 2 times (x 70B)
Class org.jetbrains.kotlin.gradle.plugin.VariantImplementationFactories$Parameters_Decorated: loaded 2 times (x 134B)
Class org.jetbrains.kotlin.gradle.plugin.PropertiesProvider$PropertyNames             : loaded 2 times (x 71B)
Class org.jetbrains.kotlin.gradle.utils.GradleUtilsKt                                 : loaded 2 times (x 71B)
Class org.jetbrains.kotlin.gradle.plugin.HasProject                                   : loaded 2 times (x 70B)
Class com.google.common.util.concurrent.AbstractFuture$Trusted                        : loaded 2 times (x 70B)
Class com.google.common.collect.Iterators                                             : loaded 2 times (x 71B)
Class com.google.common.base.CharMatcher$RangesMatcher                                : loaded 2 times (x 112B)
Class com.google.common.io.ByteSink$AsCharSink                                        : loaded 2 times (x 80B)
Class org.jetbrains.kotlin.gradle.tasks.configuration.AbstractKotlinCompileConfig$2$3 : loaded 2 times (x 75B)
Class org.jetbrains.kotlin.gradle.tasks.configuration.BaseKotlinCompileConfig         : loaded 2 times (x 72B)
Class org.jetbrains.kotlin.gradle.plugin.mpp.compilationImpl.factory.KotlinCompilationImplFactory$KotlinCompilationTaskNamesContainerFactory: loaded 2 times (x 70B)
Class org.jetbrains.kotlin.gradle.ExperimentalKotlinGradlePluginApi                   : loaded 2 times (x 70B)
Class [Lorg.jetbrains.kotlin.build.report.metrics.BuildTime;                          : loaded 2 times (x 69B)
Class org.jetbrains.kotlin.statistics.metrics.NumberAnonymizationPolicy$SAFE          : loaded 2 times (x 85B)
Class com.google.common.util.concurrent.UncheckedExecutionException                   : loaded 2 times (x 82B)
Class com.google.common.collect.Lists$StringAsImmutableList                           : loaded 2 times (x 207B)
Class org.jetbrains.kotlin.gradle.tasks.configuration.AbstractKotlinCompileConfig$2$4 : loaded 2 times (x 75B)
Class org.jetbrains.kotlin.gradle.tasks.KotlinCompile$scriptSources$1                 : loaded 2 times (x 75B)
Class org.jetbrains.kotlin.build.report.metrics.BuildAttribute$Companion              : loaded 2 times (x 71B)
Class org.jetbrains.kotlin.gradle.tasks.configuration.KaptGenerateStubsConfig$Companion: loaded 2 times (x 71B)
Class org.jetbrains.kotlin.gradle.internal.KotlinTestDependencyManagementKt$maybeAddTestDependencyCapability$1: loaded 2 times (x 75B)
Class com.google.common.collect.ImmutableSortedSetFauxverideShim                      : loaded 2 times (x 147B)
Class org.jetbrains.kotlin.gradle.plugin.diagnostics.CheckKotlinGradlePluginConfigurationErrorsKt: loaded 2 times (x 71B)
Class org.jetbrains.kotlin.gradle.plugin.mpp.KotlinJvmAndroidCompilation              : loaded 2 times (x 198B)
Class org.jetbrains.kotlin.gradle.plugin.mpp.ApplyUserDefinedAttributesKt             : loaded 2 times (x 71B)
Class org.jetbrains.kotlin.tooling.core.TypeUtils$WhenMappings                        : loaded 2 times (x 71B)
Class org.jetbrains.kotlin.gradle.utils.FutureImpl                                    : loaded 2 times (x 80B)
Class [Lorg.jetbrains.kotlin.statistics.metrics.NumericalMetrics;                     : loaded 2 times (x 69B)
Class com.google.common.base.CharMatcher$JavaLetterOrDigit                            : loaded 2 times (x 111B)
Class org.gradle.internal.InternalTransformer                                         : loaded 2 times (x 70B)
Class org.jetbrains.kotlin.gradle.tasks.CompileUsingKotlinDaemonWithNormalization     : loaded 2 times (x 70B)
Class org.jetbrains.kotlin.gradle.plugin.mpp.compilationImpl.factory.KotlinCompilationImplFactory$PostConfigure$Companion: loaded 2 times (x 71B)
Class com.google.common.collect.AbstractMapBasedMultimap$KeySet$1                     : loaded 2 times (x 82B)
Class org.jetbrains.kotlin.gradle.targets.js.npm.DefaultDevNpmDependencyExtension     : loaded 2 times (x 145B)
Class [Lorg.jetbrains.kotlin.gradle.plugin.HasKotlinDependencies;                     : loaded 2 times (x 69B)
Class org.jetbrains.kotlin.gradle.tasks.DefaultKotlinJavaToolchain$Companion$wireJvmTargetToToolchain$1: loaded 2 times (x 75B)
Class org.jetbrains.kotlin.gradle.plugin.KotlinPlatformType                           : loaded 2 times (x 82B)
Class org.jetbrains.kotlin.gradle.plugin.KotlinGradleBuildServices$Companion          : loaded 2 times (x 71B)
Class org.objectweb.asm.ClassWriter                                                   : loaded 2 times (x 106B)
Class com.google.common.cache.CacheLoader$UnsupportedLoadingOperationException        : loaded 2 times (x 82B)
Class com.google.common.base.CharMatcher$And                                          : loaded 2 times (x 112B)
Class org.gradle.internal.classloader.ClasspathUtil$1                                 : loaded 2 times (x 76B)
Class com.google.common.base.Objects                                                  : loaded 2 times (x 71B)
Class org.jetbrains.kotlin.gradle.plugin.BuildFinishedListenerService$Companion$registerIfAbsent$1: loaded 2 times (x 74B)
Class com.google.common.collect.AbstractMapBasedMultimap$Itr                          : loaded 2 times (x 83B)
Class org.jetbrains.kotlin.gradle.plugin.diagnostics.ToolingDiagnosticRenderingOptions$Companion: loaded 2 times (x 71B)
Class org.jetbrains.kotlin.gradle.dsl.KotlinJvmCompilerOptionsHelper                  : loaded 2 times (x 71B)
Class org.jetbrains.kotlin.gradle.tasks.DefaultKotlinJavaToolchain$Companion$wireJvmTargetToToolchain$2: loaded 2 times (x 75B)
Class org.jetbrains.kotlin.gradle.plugin.ProjectLocalConfigurations$ProjectLocalDisambiguation: loaded 2 times (x 76B)
Class org.jetbrains.kotlin.gradle.plugin.KotlinGradleBuildServices$detectKotlinPluginLoadedInMultipleProjects$onRegister$1$1: loaded 2 times (x 75B)
Class org.jetbrains.kotlin.gradle.plugin.internal.ConfigurationCacheStartParameterAccessor$Factory: loaded 2 times (x 70B)
Class org.objectweb.asm.FieldVisitor                                                  : loaded 2 times (x 77B)
Class com.google.common.collect.IndexedImmutableSet                                   : loaded 2 times (x 150B)
Class com.google.common.collect.ImmutableMap$1                                        : loaded 2 times (x 81B)
Class com.google.common.collect.BiMap                                                 : loaded 2 times (x 70B)
Class org.gradle.api.internal.classpath.DefaultModuleRegistry$DefaultModule           : loaded 2 times (x 86B)
Class org.jetbrains.kotlin.buildtools.api.KotlinLogger                                : loaded 2 times (x 70B)
Class org.jetbrains.kotlin.gradle.plugin.diagnostics.CheckKotlinGradlePluginConfigurationErrors_Decorated: loaded 2 times (x 365B)
Class org.jetbrains.kotlin.gradle.plugin.mpp.compilationImpl.KotlinCompilationSourceSetInclusion$DefaultAddSourcesToCompileTask$addSources$1: loaded 2 times (x 79B)
Class org.jetbrains.kotlin.gradle.plugin.diagnostics.checkers.WasmSourceSetsNotFoundChecker$wasmSourceSetRegex$2: loaded 2 times (x 78B)
Class org.jetbrains.kotlin.tooling.core.ExtrasUtilsKt                                 : loaded 2 times (x 71B)
Class org.jetbrains.kotlin.buildtools.api.ExperimentalBuildToolsApi                   : loaded 2 times (x 70B)
Class org.jetbrains.kotlin.gradle.utils.ResourceUtilsKt                               : loaded 2 times (x 71B)
Class org.jetbrains.kotlin.gradle.plugin.KotlinPluginWrapperKt$kotlinPluginVersionFromResources$1: loaded 2 times (x 78B)
Class com.google.common.primitives.Ints                                               : loaded 2 times (x 71B)
Class com.google.common.collect.AbstractIterator                                      : loaded 2 times (x 82B)
Class org.jetbrains.kotlin.gradle.tasks.UsesKotlinJavaToolchain$DefaultImpls          : loaded 2 times (x 71B)
Class org.jetbrains.kotlin.build.report.metrics.BuildAttributeKind$Companion          : loaded 2 times (x 71B)
Class org.jetbrains.kotlin.gradle.plugin.mpp.KotlinTargetSoftwareComponentImplKt$KotlinTargetSoftwareComponent$1$1$1: loaded 2 times (x 75B)
Class org.jetbrains.kotlin.gradle.tasks.configuration.KaptGenerateStubsConfig$Companion$configureLibraries$1: loaded 2 times (x 79B)
Class org.jetbrains.kotlin.gradle.plugin.mpp.compilationImpl.KotlinCompilationSourceSetInclusion$DefaultAddSourcesToCompileTask$addSources$2: loaded 2 times (x 79B)
Class org.jetbrains.kotlin.gradle.tasks.AbstractKotlinCompile                         : loaded 2 times (x 453B)
Class org.jetbrains.kotlin.gradle.plugin.KotlinCompilationOutput                      : loaded 2 times (x 70B)
Class org.jetbrains.kotlin.gradle.plugin.diagnostics.CheckKotlinGradlePluginConfigurationErrorsKt$addDependsOnFromTasksThatShouldFailWhenErrorsReported$1: loaded 2 times (x 75B)
Class org.jetbrains.kotlin.gradle.plugin.KotlinGradleBuildServices$Parameters$Inject  : loaded 2 times (x 106B)
Class org.jetbrains.kotlin.gradle.plugin.KotlinPluginWrapperKt$kotlinPluginVersionFromResources$1$1: loaded 2 times (x 71B)
Class com.google.common.math.MathPreconditions                                        : loaded 2 times (x 71B)
Class com.google.common.collect.Multiset                                              : loaded 2 times (x 70B)
Class com.google.common.collect.ArrayListMultimapGwtSerializationDependencies         : loaded 2 times (x 172B)
Class com.google.common.collect.ObjectArrays                                          : loaded 2 times (x 71B)
Class com.google.common.collect.AbstractIndexedListIterator                           : loaded 2 times (x 96B)
Class org.jetbrains.kotlin.tooling.core.Extras$Entry                                  : loaded 2 times (x 72B)
Class org.jetbrains.kotlin.gradle.plugin.sources.InternalKotlinSourceSetKt            : loaded 2 times (x 71B)
Class org.jetbrains.kotlin.gradle.internal.Kapt3GradleSubplugin$Kapt3SubpluginContext : loaded 2 times (x 72B)
Class org.jetbrains.kotlin.gradle.dsl.KotlinJvmCompilerOptionsDefault_Decorated       : loaded 2 times (x 168B)
Class org.jetbrains.kotlin.gradle.plugin.HasKotlinDependencies                        : loaded 2 times (x 70B)
Class org.jetbrains.kotlin.gradle.plugin.BuildEventsListenerRegistryHolder_Decorated  : loaded 2 times (x 119B)
Class org.jetbrains.kotlin.gradle.plugin.statistics.MetricContainer                   : loaded 2 times (x 72B)
Class org.jetbrains.kotlin.gradle.plugin.statistics.old.Pre232IdeaKotlinBuildStatsMXBean: loaded 2 times (x 70B)
Class org.jetbrains.kotlin.gradle.plugin.statistics.KotlinBuildStatsServicesRegistry  : loaded 2 times (x 78B)
Class org.jetbrains.kotlin.gradle.plugin.VariantImplementationFactoriesConfigurator   : loaded 2 times (x 76B)
Class com.google.common.collect.ImmutableMapEntrySet                                  : loaded 2 times (x 151B)
Class org.gradle.api.internal.classpath.Module                                        : loaded 2 times (x 70B)
Class org.jetbrains.kotlin.gradle.tasks.KotlinCompile$ClasspathSnapshotProperties_Decorated: loaded 2 times (x 137B)
Class org.jetbrains.kotlin.gradle.plugin.mpp.compilationImpl.KotlinCompilationSourceSetInclusion$Companion$includedSourceSets$2: loaded 2 times (x 78B)
Class org.jetbrains.kotlin.gradle.targets.js.npm.NpmDirectoryDependencyWithExternalsExtension: loaded 2 times (x 70B)
Class org.jetbrains.kotlin.gradle.plugin.KotlinGradleFinishBuildHandler$Companion     : loaded 2 times (x 71B)
Class com.google.common.cache.Weigher                                                 : loaded 2 times (x 70B)
Class org.gradle.api.internal.classpath.UnknownModuleException                        : loaded 2 times (x 82B)
Class build_ez3ylh8f05qc8ubghpqodg7k2$_run_closure1                                   : loaded 2 times (x 140B)
Class org.jetbrains.kotlin.gradle.plugin.mpp.InternalKotlinTargetComponentKt          : loaded 2 times (x 71B)
Class org.jetbrains.kotlin.gradle.plugin.mpp.InternalKotlinTarget$DefaultImpls        : loaded 2 times (x 71B)
Class org.jetbrains.kotlin.gradle.plugin.KotlinPluginLifecycleImpl$executeCurrentStageAndScheduleNext$3: loaded 2 times (x 75B)
Class org.jetbrains.kotlin.gradle.plugin.mpp.compilationImpl.KotlinCompilationRegisterInSourceSetsConfigurator$configure$1: loaded 2 times (x 79B)
Class org.jetbrains.kotlin.gradle.targets.js.npm.NpmDependencyWithExternalsExtension  : loaded 2 times (x 70B)
Class org.jetbrains.kotlin.gradle.plugin.mpp.KotlinUsageContext                       : loaded 2 times (x 70B)
Class org.jetbrains.kotlin.gradle.plugin.KotlinTargetsContainer                       : loaded 2 times (x 70B)
Class org.jetbrains.kotlin.compilerRunner.GradleCliCommonizerKt                       : loaded 2 times (x 71B)
Class org.jetbrains.kotlin.gradle.utils.ConfigurationsKt                              : loaded 2 times (x 71B)
Class org.jetbrains.kotlin.gradle.plugin.StatisticsBuildFlowManager                   : loaded 2 times (x 72B)
Class org.jetbrains.kotlin.gradle.plugin.PluginWrappersKt                             : loaded 2 times (x 71B)
Class com.google.common.base.Stopwatch                                                : loaded 2 times (x 72B)
Class com.google.common.cache.LocalCache$Strength                                     : loaded 2 times (x 81B)
Class com.google.common.cache.Cache                                                   : loaded 2 times (x 70B)
Class com.google.common.io.Files$2                                                    : loaded 2 times (x 76B)
Class org.jetbrains.kotlin.build.report.metrics.BuildMetricsReporter                  : loaded 2 times (x 70B)
Class org.jetbrains.kotlin.gradle.plugin.mpp.InternalKotlinTargetKt                   : loaded 2 times (x 71B)
Class com.google.common.collect.AbstractMultimap$Entries                              : loaded 2 times (x 120B)
Class org.jetbrains.kotlin.gradle.targets.js.dsl.KotlinTargetWithNodeJsDsl            : loaded 2 times (x 70B)
Class org.jetbrains.kotlin.gradle.plugin.sources.DefaultKotlinSourceSetKt$defaultSourceSetLanguageSettingsChecker$1: loaded 2 times (x 78B)
Class org.jetbrains.kotlin.gradle.plugin.sources.InternalKotlinSourceSet              : loaded 2 times (x 70B)
Class org.jetbrains.kotlin.gradle.utils.ObjectCollectionExtKt                         : loaded 2 times (x 71B)
Class org.jetbrains.kotlin.gradle.plugin.KotlinJvmPlugin                              : loaded 2 times (x 80B)
Class org.jetbrains.kotlin.statistics.BuildSessionLogger                              : loaded 2 times (x 77B)
Class org.jetbrains.kotlin.gradle.plugin.internal.ConfigurationCacheStartParameterAccessor: loaded 2 times (x 70B)
Class com.google.common.util.concurrent.AbstractFuture$Cancellation                   : loaded 2 times (x 72B)
Class com.google.common.collect.ImmutableMap$Builder                                  : loaded 2 times (x 82B)
Class com.google.common.base.NullnessCasts                                            : loaded 2 times (x 71B)
Class com.google.common.collect.AbstractMapBasedMultimap$WrappedCollection$WrappedIterator: loaded 2 times (x 84B)
Class org.jetbrains.kotlin.gradle.utils.FutureKt$future$2$1                           : loaded 2 times (x 95B)
Class org.jetbrains.kotlin.gradle.plugin.internal.BuildIdService$Companion$registerIfAbsent$1$1: loaded 2 times (x 75B)
Class org.jetbrains.kotlin.gradle.targets.js.dsl.KotlinWasmTargetDsl                  : loaded 2 times (x 70B)
Class org.jetbrains.kotlin.gradle.plugin.diagnostics.checkers.DisabledCinteropCommonizationInHmppProjectChecker$runChecks$1: loaded 2 times (x 88B)
Class org.jetbrains.kotlin.gradle.plugin.sources.ConsistencyCheck                     : loaded 2 times (x 72B)
Class org.jetbrains.kotlin.gradle.plugin.sources.DefaultKotlinSourceSetKt$defaultSourceSetLanguageSettingsChecker$2: loaded 2 times (x 78B)
Class org.jetbrains.kotlin.gradle.dsl.KotlinCommonToolOptions                         : loaded 2 times (x 70B)
Class org.jetbrains.kotlin.gradle.plugin.AbstractKotlinPlugin                         : loaded 2 times (x 79B)
Class org.jetbrains.kotlin.gradle.tasks.DefaultKotlinJavaToolchain$Companion$wireJvmTargetToJvm$1: loaded 2 times (x 75B)
Class org.jetbrains.kotlin.gradle.dsl.KotlinMultiplatformExtension                    : loaded 2 times (x 701B)
Class com.google.common.cache.RemovalListener                                         : loaded 2 times (x 70B)
Class org.gradle.api.internal.DefaultClassPathRegistry                                : loaded 2 times (x 76B)
Class org.jetbrains.kotlin.gradle.targets.js.npm.DefaultPeerNpmDependencyExtension$delegate$1: loaded 2 times (x 167B)
Class org.jetbrains.kotlin.gradle.targets.js.npm.NpmDependency                        : loaded 2 times (x 97B)
Class org.jetbrains.kotlin.gradle.targets.js.npm.DefaultNpmDependencyExtension        : loaded 2 times (x 152B)
Class org.jetbrains.kotlin.gradle.targets.js.npm.NpmDependency$Scope                  : loaded 2 times (x 79B)
Class org.jetbrains.kotlin.gradle.plugin.sources.FragmentConsistencyChecks$unstableFeaturesCheck$1: loaded 2 times (x 79B)
Class org.jetbrains.kotlin.gradle.plugin.sources.DefaultKotlinSourceSet               : loaded 2 times (x 141B)
Class org.jetbrains.kotlin.gradle.plugin.diagnostics.checkers.AndroidSourceSetLayoutV1SourceSetsNotFoundChecker: loaded 2 times (x 74B)
Class org.jetbrains.kotlin.gradle.plugin.VariantImplementationFactories$Parameters    : loaded 2 times (x 70B)
Class com.google.common.primitives.IntsMethodsForWeb                                  : loaded 2 times (x 71B)
Class com.google.common.collect.Multimap                                              : loaded 2 times (x 70B)
Class org.gradle.api.internal.ClassPathRegistry                                       : loaded 2 times (x 70B)
Class org.gradle.internal.classpath.DefaultClassPath$ImmutableUniqueList              : loaded 2 times (x 199B)
Class com.google.common.base.ExtraObjectsMethodsForWeb                                : loaded 2 times (x 71B)
Class org.jetbrains.kotlin.gradle.plugin.KotlinCompilation$DefaultImpls               : loaded 2 times (x 71B)
Class org.jetbrains.kotlin.gradle.utils.ProviderApiUtilsKt$providerWithLazyConvention$1: loaded 2 times (x 74B)
Class org.jetbrains.kotlin.gradle.plugin.sources.FragmentConsistencyChecks$unstableFeaturesCheck$2: loaded 2 times (x 78B)
Class org.jetbrains.kotlin.gradle.plugin.KotlinPluginLifecycleImpl                    : loaded 2 times (x 80B)
Class org.jetbrains.kotlin.gradle.dsl.KotlinCommonCompilerOptionsDefault              : loaded 2 times (x 96B)
Class org.jetbrains.kotlin.gradle.dsl.KotlinCommonCompilerToolOptionsDefault          : loaded 2 times (x 84B)
Class org.jetbrains.kotlin.gradle.plugin.StatisticsBuildFlowManager_Decorated         : loaded 2 times (x 119B)
Class org.jetbrains.kotlin.gradle.report.BuildReportMode$Companion                    : loaded 2 times (x 71B)
Class org.jetbrains.kotlin.gradle.plugin.VariantImplementationFactories$VariantImplementationFactory: loaded 2 times (x 70B)
Class org.jetbrains.kotlin.compilerRunner.CompilerSystemPropertiesService$Companion   : loaded 2 times (x 71B)
Class com.google.common.io.ByteSink                                                   : loaded 2 times (x 76B)
Class org.jetbrains.kotlin.compilerRunner.CompilerSystemPropertiesService             : loaded 2 times (x 80B)
Class org.jetbrains.kotlin.gradle.plugin.mpp.compilationImpl.KotlinCompilationImpl$1  : loaded 2 times (x 79B)
Class org.jetbrains.kotlin.gradle.targets.js.npm.SemVer$Companion                     : loaded 2 times (x 71B)
Class org.jetbrains.kotlin.gradle.plugin.mpp.KotlinUsages$KotlinCinteropCompatibility : loaded 2 times (x 77B)
Class org.jetbrains.kotlin.gradle.dsl.ExplicitApiMode                                 : loaded 2 times (x 79B)
Class org.jetbrains.kotlin.gradle.plugin.VariantImplementationFactories$Companion     : loaded 2 times (x 71B)
Class org.jetbrains.kotlin.gradle.plugin.internal.CustomPropertiesFileValueSource$Parameters_Decorated: loaded 2 times (x 134B)
Class org.jetbrains.kotlin.gradle.dsl.KotlinTopLevelExtensionConfig                   : loaded 2 times (x 70B)
Class com.google.common.cache.CacheBuilder                                            : loaded 2 times (x 72B)
Class com.google.common.collect.SingletonImmutableList                                : loaded 2 times (x 207B)
Class org.gradle.internal.classpath.ClassPath                                         : loaded 2 times (x 70B)
Class org.gradle.api.UncheckedIOException                                             : loaded 2 times (x 82B)
Class com.google.common.io.Files$FileByteSource                                       : loaded 2 times (x 85B)
Class org.jetbrains.kotlin.gradle.incremental.IncrementalModuleInfoProvider           : loaded 2 times (x 70B)
Class org.jetbrains.kotlin.gradle.plugin.mpp.compilationImpl.KotlinCompilationImpl$2  : loaded 2 times (x 79B)
Class org.jetbrains.kotlin.gradle.dsl.PlatformSourceSetConventionsChecker$runChecks$1 : loaded 2 times (x 88B)
Class org.jetbrains.kotlin.gradle.dsl.KotlinJvmCompilerOptionsDefault                 : loaded 2 times (x 106B)
Class org.jetbrains.kotlin.gradle.internal.UsesClassLoadersCachingBuildService        : loaded 2 times (x 70B)
Class com.google.common.collect.ImmutableList$ReverseImmutableList                    : loaded 2 times (x 208B)
Class com.google.common.base.JdkPattern                                               : loaded 2 times (x 75B)
Class org.jetbrains.kotlin.gradle.plugin.DefaultKotlinBasePlugin$addKotlinCompilerConfiguration$3$1: loaded 2 times (x 79B)
Class org.jetbrains.kotlin.gradle.tasks.AbstractKotlinCompile$defaultKotlinJavaToolchain$1: loaded 2 times (x 78B)
Class org.jetbrains.kotlin.daemon.common.MultiModuleICSettings                        : loaded 2 times (x 72B)
Class org.jetbrains.kotlin.cli.common.arguments.Freezable                             : loaded 2 times (x 72B)
Class org.jetbrains.kotlin.gradle.plugin.KotlinCompilationInfoKt                      : loaded 2 times (x 71B)
Class org.jetbrains.kotlin.gradle.tasks.KotlinCompile                                 : loaded 2 times (x 498B)
Class com.google.errorprone.annotations.DoNotMock                                     : loaded 2 times (x 70B)
Class org.jetbrains.kotlin.gradle.internal.StdlibDependencyManagementKt               : loaded 2 times (x 71B)
Class org.jetbrains.kotlin.gradle.utils.ObservableSet                                 : loaded 2 times (x 70B)
Class org.jetbrains.kotlin.gradle.plugin.diagnostics.KotlinToolingDiagnosticsCollectorKt: loaded 2 times (x 71B)
Class org.jetbrains.kotlin.gradle.plugin.mpp.HierarchyAttributeContainer              : loaded 2 times (x 83B)
Class org.jetbrains.kotlin.gradle.tasks.UsesKotlinJavaToolchain                       : loaded 2 times (x 70B)
Class org.jetbrains.kotlin.statistics.metrics.StringOverridePolicy$OVERRIDE           : loaded 2 times (x 85B)
Class org.objectweb.asm.SymbolTable$Entry                                             : loaded 2 times (x 74B)
Class com.google.common.util.concurrent.AbstractFuture$AtomicHelper                   : loaded 2 times (x 78B)
Class Native_plugin_loader_gradle                                                     : loaded 2 times (x 130B)
Class org.jetbrains.kotlin.statistics.metrics.IMetricContainer                        : loaded 2 times (x 70B)
Class org.jetbrains.kotlin.gradle.plugin.KotlinPlatformPluginBase                     : loaded 2 times (x 76B)
Class org.jetbrains.kotlin.gradle.plugin.mpp.KotlinTargetComponentWithCoordinatesAndPublication: loaded 2 times (x 70B)
Class org.jetbrains.kotlin.gradle.incremental.UsesIncrementalModuleInfoBuildService   : loaded 2 times (x 70B)
Class org.jetbrains.kotlin.gradle.dsl.PlatformSourceSetConventionsChecker$runChecks$3 : loaded 2 times (x 78B)
Class org.jetbrains.kotlin.gradle.utils.SingleAction                                  : loaded 2 times (x 73B)
Class org.jetbrains.kotlin.gradle.plugin.PropertiesProvider$Companion                 : loaded 2 times (x 71B)
Class org.objectweb.asm.Edge                                                          : loaded 2 times (x 72B)
Class com.google.common.base.Suppliers$SupplierOfInstance                             : loaded 2 times (x 79B)
Class com.google.common.collect.Iterators$1                                           : loaded 2 times (x 81B)
Class org.jetbrains.kotlin.gradle.tasks.KotlinCompile$defaultKotlinJavaToolchain$1    : loaded 2 times (x 79B)
Class org.jetbrains.kotlin.gradle.tasks.KotlinJavaToolchain$JavaToolchainSetter       : loaded 2 times (x 70B)
Class org.jetbrains.kotlin.gradle.plugin.diagnostics.UsesKotlinToolingDiagnostics     : loaded 2 times (x 70B)
Class org.jetbrains.kotlin.tooling.core.ExtrasPropertyKt$extrasLazyProperty$1         : loaded 2 times (x 94B)
Class org.jetbrains.kotlin.statistics.metrics.BooleanAnonymizationPolicy$SAFE         : loaded 2 times (x 85B)
Class com.google.common.cache.LocalCache$ComputingValueReference                      : loaded 2 times (x 96B)
Class com.google.common.collect.SingletonImmutableSet                                 : loaded 2 times (x 146B)
Class com.google.common.collect.ImmutableMap$IteratorBasedImmutableMap                : loaded 2 times (x 125B)
Class build_b7g12jazn3klgfuliyxnr9r92                                                 : loaded 2 times (x 180B)
Class org.jetbrains.kotlin.gradle.internal.KotlinDependenciesManagementKt$configureDefaultVersionsResolutionStrategy$1$1$1: loaded 2 times (x 75B)
Class org.jetbrains.kotlin.gradle.plugin.mpp.compilationImpl.DefaultKotlinCompilationSourceSetsContainer$allKotlinSourceSetsImpl$1$1: loaded 2 times (x 80B)
Class org.jetbrains.kotlin.gradle.plugin.mpp.compilationImpl.DefaultKotlinCompilationSourceSetsContainer: loaded 2 times (x 78B)
Class org.jetbrains.kotlin.gradle.plugin.KotlinPluginLifecycle$Stage$Companion        : loaded 2 times (x 71B)
Class org.jetbrains.kotlin.gradle.plugin.diagnostics.checkers.DeprecatedKotlinNativeTargetsChecker: loaded 2 times (x 74B)
Class org.jetbrains.kotlin.tooling.core.AbstractExtras                                : loaded 2 times (x 141B)
Class com.google.common.cache.LocalCache$Segment                                      : loaded 2 times (x 154B)
Class Native_plugin_loader_gradle$NativePluginLoader$Companion                        : loaded 2 times (x 71B)
Class org.jetbrains.kotlin.build.report.metrics.BuildTimes                            : loaded 2 times (x 72B)
Class org.jetbrains.kotlin.gradle.tasks.KotlinCompile$ClasspathSnapshotProperties     : loaded 2 times (x 75B)
Class org.jetbrains.kotlin.gradle.internal.StdlibDependencyManagementKt$addStdlibDependency$1$1: loaded 2 times (x 79B)
Class org.jetbrains.kotlin.gradle.tasks.configuration.BaseKotlinCompileConfig$2$1     : loaded 2 times (x 75B)
Class com.google.common.collect.SortedIterable                                        : loaded 2 times (x 70B)
Class org.jetbrains.kotlin.gradle.plugin.sources.DefaultKotlinSourceSet_Decorated     : loaded 2 times (x 192B)
Class org.jetbrains.kotlin.gradle.plugin.mpp.KotlinCompilationsKt                     : loaded 2 times (x 71B)
Class org.jetbrains.kotlin.gradle.utils.GradleUtilsKt$registerClassLoaderScopedBuildService$1: loaded 2 times (x 74B)
Class org.jetbrains.kotlin.statistics.metrics.StringOverridePolicy                    : loaded 2 times (x 85B)
Class [Lorg.objectweb.asm.SymbolTable$Entry;                                          : loaded 2 times (x 69B)
Class com.google.common.cache.CacheLoader                                             : loaded 2 times (x 74B)
Class com.google.common.collect.Iterators$4                                           : loaded 2 times (x 82B)
Class com.google.common.collect.ImmutableBiMap                                        : loaded 2 times (x 143B)
Class com.google.common.collect.AbstractListMultimap                                  : loaded 2 times (x 172B)
Class org.gradle.internal.installation.GradleInstallation$1                           : loaded 2 times (x 75B)
Class org.gradle.api.internal.classpath.ModuleRegistry                                : loaded 2 times (x 70B)
Class org.jetbrains.kotlin.gradle.logging.GradleKotlinLogger                          : loaded 2 times (x 80B)
Class org.jetbrains.kotlin.gradle.plugin.KotlinPluginLifecycle$ProjectConfigurationResult: loaded 2 times (x 71B)
Class org.jetbrains.kotlin.gradle.internal.KotlinDependenciesManagementKt$configureDefaultVersionsResolutionStrategy$1: loaded 2 times (x 75B)
Class org.jetbrains.kotlin.gradle.model.builder.KotlinModelBuilder$Companion          : loaded 2 times (x 71B)
Class org.jetbrains.kotlin.gradle.plugin.mpp.KotlinUsages                             : loaded 2 times (x 71B)
Class [Lorg.jetbrains.kotlin.build.report.metrics.GradleBuildPerformanceMetric;       : loaded 2 times (x 69B)
Class com.google.common.util.concurrent.internal.InternalFutureFailureAccess          : loaded 2 times (x 72B)
Class com.google.common.collect.Iterators$5                                           : loaded 2 times (x 82B)
Class com.google.common.collect.ImmutableSet$JdkBackedSetBuilderImpl                  : loaded 2 times (x 76B)
Class com.google.common.base.Splitter$SplittingIterator                               : loaded 2 times (x 84B)
Class settings_2edypxclrmd3vgxl2scaqivrs                                              : loaded 2 times (x 179B)
Class com.google.common.io.Closer$SuppressingSuppressor                               : loaded 2 times (x 75B)
Class org.jetbrains.kotlin.gradle.plugin.HasCompilerOptions                           : loaded 2 times (x 70B)
Class org.jetbrains.kotlin.gradle.plugin.mpp.compilationImpl.DefaultKotlinCompilationFriendPathsResolver$FriendArtifactResolver: loaded 2 times (x 70B)
Class org.jetbrains.kotlin.gradle.targets.js.ir.KotlinJsIrTarget                      : loaded 2 times (x 260B)
Class org.jetbrains.kotlin.gradle.plugin.mpp.DefaultKotlinUsageContext                : loaded 2 times (x 108B)
Class org.jetbrains.kotlin.gradle.plugin.KotlinPluginLifecycleImpl$start$3            : loaded 2 times (x 79B)
Class org.jetbrains.kotlin.gradle.plugin.KotlinMultiplatformPluginWrapper             : loaded 2 times (x 86B)
Class [Lorg.jetbrains.kotlin.statistics.metrics.BooleanMetrics;                       : loaded 2 times (x 69B)
Class com.google.common.util.concurrent.AbstractFuture$UnsafeAtomicHelper             : loaded 2 times (x 78B)
Class com.google.common.cache.LocalCache$LocalManualCache$1                           : loaded 2 times (x 75B)
Class com.google.common.base.CharMatcher$ForPredicate                                 : loaded 2 times (x 112B)
Class org.jetbrains.kotlin.gradle.plugin.mpp.compilationImpl.KotlinCompilationConfigurationsContainer: loaded 2 times (x 70B)
Class org.jetbrains.kotlin.gradle.internal.StdlibDependencyManagementKt$addStdlibDependency$1: loaded 2 times (x 75B)
Class [Lorg.jetbrains.kotlin.gradle.plugin.KotlinPluginLifecycle$CoroutineStart;      : loaded 2 times (x 69B)
Class org.jetbrains.kotlin.gradle.dsl.IosSourceSetConventionChecker                   : loaded 2 times (x 74B)
Class org.jetbrains.kotlin.gradle.plugin.diagnostics.KotlinGradleProjectChecker       : loaded 2 times (x 70B)
Class org.jetbrains.kotlin.gradle.dsl.KotlinMultiplatformSourceSetConventions         : loaded 2 times (x 70B)
Class org.jetbrains.kotlin.gradle.plugin.sources.KotlinSourceSetFactory$Companion     : loaded 2 times (x 71B)
Class org.jetbrains.kotlin.statistics.metrics.NumberOverridePolicy$SUM                : loaded 2 times (x 85B)
Class com.google.common.collect.ImmutableCollection                                   : loaded 2 times (x 125B)
Class com.google.common.base.CharMatcher$AnyOf                                        : loaded 2 times (x 112B)
Class org.gradle.api.internal.classpath.DefaultModuleRegistry                         : loaded 2 times (x 83B)
Class org.jetbrains.kotlin.gradle.plugin.mpp.compilationImpl.factory.CompositePostConfigure: loaded 2 times (x 75B)
Class org.jetbrains.kotlin.build.report.metrics.GradleBuildTime$Companion             : loaded 2 times (x 71B)
Class com.google.common.util.concurrent.ListenableFuture                              : loaded 2 times (x 70B)
Class com.google.common.cache.ReferenceEntry                                          : loaded 2 times (x 70B)
Class com.google.common.collect.ImmutableSet$CachingAsList                            : loaded 2 times (x 147B)
Class com.google.common.base.Converter                                                : loaded 2 times (x 90B)
Class com.google.common.collect.Lists                                                 : loaded 2 times (x 71B)
Class com.google.common.base.CharMatcher$Any                                          : loaded 2 times (x 112B)
Class org.jetbrains.kotlin.gradle.tasks.KotlinCompilerExecutionStrategy$Companion     : loaded 2 times (x 71B)
Class org.jetbrains.kotlin.gradle.plugin.CompilerPluginConfig                         : loaded 2 times (x 72B)
Class org.jetbrains.kotlin.gradle.model.builder.KotlinModelBuilder                    : loaded 2 times (x 76B)
Class [Lorg.jetbrains.kotlin.tooling.core.HasMutableExtras;                           : loaded 2 times (x 69B)
Class org.jetbrains.kotlin.gradle.plugin.mpp.KotlinAndroidTarget                      : loaded 2 times (x 165B)
Class org.jetbrains.kotlin.gradle.plugin.DefaultKotlinBasePlugin$addKotlinCompilerConfiguration$1: loaded 2 times (x 75B)
Class org.jetbrains.kotlin.gradle.plugin.internal.DefaultCompatibilityConventionRegistrar: loaded 2 times (x 74B)
Class org.jetbrains.kotlin.gradle.plugin.PropertiesProvider                           : loaded 2 times (x 72B)
Class com.google.common.util.concurrent.AbstractFuture                                : loaded 2 times (x 106B)
Class com.google.common.base.FunctionalEquivalence                                    : loaded 2 times (x 83B)
Class com.google.common.collect.Iterators$9                                           : loaded 2 times (x 81B)
Class com.google.common.collect.AbstractMapBasedMultimap                              : loaded 2 times (x 139B)
Class com.google.common.collect.ImmutableAsList                                       : loaded 2 times (x 209B)
Class [Lorg.jetbrains.kotlin.gradle.dsl.jvm.JvmTargetValidationMode;                  : loaded 2 times (x 69B)
Class org.jetbrains.kotlin.gradle.tasks.DefaultKotlinJavaToolchain$javaVersion$1      : loaded 2 times (x 74B)
Class org.jetbrains.kotlin.gradle.plugin.mpp.MppSourcesJarKt$sourcesJarTask$1         : loaded 2 times (x 95B)
Class org.jetbrains.kotlin.gradle.plugin.mpp.compilationImpl.factory.KotlinCompilationImplFactory$KotlinCompilationOutputFactory: loaded 2 times (x 70B)
Class org.jetbrains.kotlin.gradle.plugin.KotlinCompilationToRunnableFiles             : loaded 2 times (x 70B)
Class org.jetbrains.kotlin.gradle.tooling.BuildKotlinToolingMetadataTaskKt            : loaded 2 times (x 71B)
Class org.jetbrains.kotlin.gradle.plugin.ProjectLocalConfigurations$setupAttributesMatchingStrategy$1$1: loaded 2 times (x 74B)
Class org.jetbrains.kotlin.statistics.BuildSessionLogger$Companion                    : loaded 2 times (x 71B)
Class org.objectweb.asm.RecordComponentVisitor                                        : loaded 2 times (x 77B)
Class com.google.common.cache.CacheLoader$SupplierToCacheLoader                       : loaded 2 times (x 75B)
Class org.jetbrains.kotlin.cli.common.CompilerSystemProperties$value$1                : loaded 2 times (x 125B)
Class org.jetbrains.kotlin.gradle.targets.js.npm.SemverKt                             : loaded 2 times (x 71B)
Class org.jetbrains.kotlin.gradle.internal.StdlibDependencyManagementKt$isStdlibAddedByUser$1: loaded 2 times (x 79B)
Class org.jetbrains.kotlin.gradle.plugin.mpp.KotlinCompilationsKt$sam$java_util_concurrent_Callable$0: loaded 2 times (x 75B)
Class org.jetbrains.kotlin.gradle.tasks.KotlinCompilerPluginData                      : loaded 2 times (x 72B)
Class org.jetbrains.kotlin.gradle.plugin.mpp.MppSourcesJarKt                          : loaded 2 times (x 71B)
Class org.jetbrains.kotlin.compilerRunner.CompilerSystemPropertiesService$Companion$registerIfAbsent$2$1$1: loaded 2 times (x 75B)
Class org.jetbrains.kotlin.gradle.plugin.KotlinCompilationInfo                        : loaded 2 times (x 88B)
Class org.jetbrains.kotlin.gradle.tasks.BaseKotlinCompile                             : loaded 2 times (x 70B)
Class org.jetbrains.kotlin.gradle.plugin.internal.UsesBuildIdProviderService          : loaded 2 times (x 70B)
Class org.jetbrains.kotlin.gradle.plugin.mpp.compilationImpl.KotlinCompilationSourceSetInclusion$include$1: loaded 2 times (x 79B)
Class org.jetbrains.kotlin.gradle.plugin.mpp.compilationImpl.factory.KotlinCompilationImplFactory$KotlinCompilationDependencyConfigurationsFactory: loaded 2 times (x 70B)
Class org.jetbrains.kotlin.gradle.plugin.KotlinPluginLifecycleCoroutineContextElement$Key: loaded 2 times (x 71B)
Class org.jetbrains.kotlin.gradle.internal.IdeaKt                                     : loaded 2 times (x 71B)
Class org.jetbrains.kotlin.tooling.core.ExtrasPropertyKt                              : loaded 2 times (x 71B)
Class org.jetbrains.kotlin.gradle.dsl.KotlinProjectExtensionKt                        : loaded 2 times (x 71B)
Class org.jetbrains.kotlin.gradle.plugin.KotlinGradleBuildServices$Parameters_Decorated: loaded 2 times (x 134B)
Class org.jetbrains.kotlin.gradle.plugin.DefaultKotlinBasePlugin$addKotlinCompilerConfiguration$3: loaded 2 times (x 75B)
Class [Lorg.jetbrains.kotlin.statistics.metrics.IMetricContainerFactory;              : loaded 2 times (x 69B)
Class com.google.common.collect.Maps$EntryTransformer                                 : loaded 2 times (x 70B)
Class org.gradle.internal.service.ServiceLookupException                              : loaded 2 times (x 82B)
Class org.jetbrains.kotlin.gradle.internal.StdlibDependencyManagementKt$isStdlibAddedByUser$2: loaded 2 times (x 78B)
Class org.jetbrains.kotlin.gradle.tasks.GradleCompileTaskProvider_Decorated           : loaded 2 times (x 121B)
Class org.jetbrains.kotlin.gradle.plugin.hierarchy.KotlinSourceSetTreeClassifierKt$sourceSetTreeClassifier$2: loaded 2 times (x 78B)
Class com.google.common.collect.ImmutableSortedSet                                    : loaded 2 times (x 299B)
Class org.jetbrains.kotlin.gradle.targets.js.npm.NpmDirectoryDependencyExtension      : loaded 2 times (x 70B)
Class org.jetbrains.kotlin.gradle.plugin.mpp.KotlinUsageContext$MavenScope            : loaded 2 times (x 79B)
Class [Lcom.google.common.cache.LocalCache$EntryFactory;                              : loaded 2 times (x 69B)
Class com.google.common.base.CharMatcher$JavaLetter                                   : loaded 2 times (x 111B)
Class org.gradle.internal.classloader.ClassLoaderFactory                              : loaded 2 times (x 70B)
Class org.jetbrains.kotlin.gradle.tasks.DefaultKotlinJavaToolchain$currentJvmJdkToolsJar$1: loaded 2 times (x 74B)
Class org.jetbrains.kotlin.gradle.plugin.SubpluginEnvironment                         : loaded 2 times (x 72B)
Class org.jetbrains.kotlin.gradle.internal.StdlibDependencyManagementKt$addStdlibDependency$1$1$1: loaded 2 times (x 75B)
Class org.jetbrains.kotlin.gradle.plugin.sources.AbstractKotlinSourceSet              : loaded 2 times (x 141B)
Class org.jetbrains.kotlin.compilerRunner.GradleCliCommonizerKt$maybeCreateCommonizerClasspathConfiguration$1$1: loaded 2 times (x 75B)
Class [Lorg.jetbrains.kotlin.build.report.metrics.ValueType;                          : loaded 2 times (x 69B)
Class com.google.common.cache.LocalCache$LocalManualCache                             : loaded 2 times (x 99B)
Class com.google.common.base.CharMatcher$IsNot                                        : loaded 2 times (x 111B)
Class com.google.common.base.CommonPattern                                            : loaded 2 times (x 74B)
Class org.gradle.internal.service.CachingServiceLocator                               : loaded 2 times (x 82B)
Class org.jetbrains.kotlin.gradle.dsl.jvm.JvmTargetValidationMode                     : loaded 2 times (x 79B)
Class org.jetbrains.kotlin.gradle.plugin.BuildFinishedListenerService$Companion$registerIfAbsent$2$1: loaded 2 times (x 79B)
Class org.jetbrains.kotlin.gradle.plugin.KotlinTargetConfiguratorKt$WhenMappings      : loaded 2 times (x 71B)
Class com.google.common.collect.AbstractMapBasedMultimap$KeySet                       : loaded 2 times (x 137B)
Class com.google.common.collect.RegularImmutableSortedSet                             : loaded 2 times (x 299B)
Class org.jetbrains.kotlin.project.model.LanguageSettings                             : loaded 2 times (x 70B)
Class org.jetbrains.kotlin.gradle.plugin.BuildFinishFlowAction$Parameters_Decorated   : loaded 2 times (x 137B)
Class org.jetbrains.kotlin.gradle.plugin.internal.CompatibilityConventionRegistrar$Factory: loaded 2 times (x 70B)
Class com.google.common.math.IntMath                                                  : loaded 2 times (x 71B)
Class org.jetbrains.kotlin.gradle.plugin.mpp.KotlinMetadataTarget                     : loaded 2 times (x 167B)
Class org.jetbrains.kotlin.gradle.plugin.diagnostics.CheckKotlinGradlePluginConfigurationErrorsKt$locateOrRegisterCheckKotlinGradlePluginErrorsTask$taskProvider$1$1: loaded 2 times (x 75B)
Class org.jetbrains.kotlin.gradle.plugin.mpp.InternalKotlinCompilation$DefaultImpls   : loaded 2 times (x 71B)
Class org.jetbrains.kotlin.gradle.plugin.mpp.compilationImpl.KotlinCompilationSourceSetInclusion$DefaultAddSourcesToCompileTask: loaded 2 times (x 74B)
Class [Lorg.jetbrains.kotlin.gradle.plugin.KotlinPluginLifecycle$Stage;               : loaded 2 times (x 69B)
Class org.jetbrains.kotlin.gradle.targets.metadata.KotlinMetadataTargetConfiguratorKt$metadataCompilationsCreated$2: loaded 2 times (x 78B)
Class org.jetbrains.kotlin.gradle.dsl.KotlinGradlePluginDsl                           : loaded 2 times (x 70B)
Class org.jetbrains.kotlin.tooling.core.MutableExtras                                 : loaded 2 times (x 70B)
Class org.jetbrains.kotlin.gradle.plugin.KotlinGradleBuildServices$detectKotlinPluginLoadedInMultipleProjects$onRegister$1: loaded 2 times (x 79B)
Class org.jetbrains.kotlin.build.report.metrics.BuildTime                             : loaded 2 times (x 70B)
Class com.google.common.collect.Iterators$10                                          : loaded 2 times (x 81B)
Class com.google.common.collect.ImmutableMapEntry                                     : loaded 2 times (x 85B)
Class com.google.common.base.CharMatcher$JavaDigit                                    : loaded 2 times (x 111B)
Class org.jetbrains.kotlin.gradle.tasks.CompileUsingKotlinDaemon                      : loaded 2 times (x 70B)
Class org.jetbrains.kotlin.gradle.plugin.mpp.KotlinWithJavaTarget                     : loaded 2 times (x 166B)
Class org.jetbrains.kotlin.gradle.dsl.KotlinSingleJavaTargetExtension                 : loaded 2 times (x 124B)
Class org.jetbrains.kotlin.gradle.plugin.KotlinPluginLifecycle$IllegalLifecycleException: loaded 2 times (x 82B)
Class org.jetbrains.kotlin.gradle.plugin.KotlinGradleFinishBuildHandler               : loaded 2 times (x 72B)
Class [Lorg.jetbrains.kotlin.build.report.metrics.BuildPerformanceMetric;             : loaded 2 times (x 69B)
Class org.jetbrains.kotlin.statistics.metrics.StringOverridePolicy$CONCAT             : loaded 2 times (x 85B)
Class org.jetbrains.kotlin.gradle.dsl.KotlinTopLevelExtension                         : loaded 2 times (x 70B)
Class com.google.common.base.Equivalence                                              : loaded 2 times (x 82B)
Class com.google.common.collect.ImmutableMapEntry$NonTerminalImmutableMapEntry        : loaded 2 times (x 85B)
Class com.google.common.base.Function                                                 : loaded 2 times (x 70B)
Class [Lorg.jetbrains.kotlin.cli.common.CompilerSystemProperties;                     : loaded 2 times (x 69B)
Class org.jetbrains.kotlin.gradle.plugin.ProjectLocalConfigurationsKt                 : loaded 2 times (x 71B)
Class org.jetbrains.kotlin.gradle.plugin.mpp.compilationImpl.factory.KotlinCompilationImplFactory: loaded 2 times (x 72B)
Class org.jetbrains.kotlin.gradle.internal.KotlinDomApiDependencyManagementKt$addKotlinDomApiDependency$1: loaded 2 times (x 75B)
Class org.jetbrains.kotlin.gradle.plugin.diagnostics.checkers.KotlinTargetAlreadyDeclaredChecker$runChecks$1: loaded 2 times (x 88B)
Class org.jetbrains.kotlin.gradle.plugin.mpp.KotlinTargetWithBinaries                 : loaded 2 times (x 163B)
Class [Lorg.jetbrains.kotlin.gradle.plugin.KotlinSourceSet;                           : loaded 2 times (x 69B)
Class org.jetbrains.kotlin.gradle.plugin.KotlinTargetsContainerWithPresets            : loaded 2 times (x 70B)
Class org.jetbrains.kotlin.statistics.metrics.IMetricContainerFactory                 : loaded 2 times (x 70B)
Class org.jetbrains.kotlin.statistics.MetricValueValidationFailed                     : loaded 2 times (x 82B)
Class org.jetbrains.kotlin.gradle.plugin.PropertiesProvider$localProperties$2         : loaded 2 times (x 79B)
Class com.google.common.collect.IndexedImmutableSet$1                                 : loaded 2 times (x 212B)
Class com.google.common.cache.CacheBuilder$OneWeigher                                 : loaded 2 times (x 82B)
Class com.google.common.collect.RegularImmutableList                                  : loaded 2 times (x 212B)
Class org.jetbrains.kotlin.build.report.metrics.BuildMetricsReporterImpl              : loaded 2 times (x 98B)
Class org.jetbrains.kotlin.gradle.tasks.configuration.KaptGenerateStubsConfig         : loaded 2 times (x 72B)
Class org.jetbrains.kotlin.gradle.tasks.configuration.BaseKotlinCompileConfig$1$classpathConfiguration$jvmToolchain$1: loaded 2 times (x 74B)
Class org.jetbrains.kotlin.gradle.targets.js.npm.SemVer                               : loaded 2 times (x 75B)
Class org.jetbrains.kotlin.gradle.utils.WhenPluginEnabledKt$whenPluginsEnabled$1      : loaded 2 times (x 75B)
Class org.jetbrains.kotlin.gradle.tasks.AbstractKotlinCompileTool                     : loaded 2 times (x 366B)
Class [Lorg.jetbrains.kotlin.gradle.report.BuildReportType;                           : loaded 2 times (x 69B)
Class com.google.common.collect.ImmutableBiMapFauxverideShim                          : loaded 2 times (x 120B)
Class org.gradle.internal.classloader.ClasspathUtil                                   : loaded 2 times (x 71B)
Class org.jetbrains.kotlin.gradle.dsl.KotlinCommonCompilerOptionsExtensionsKt$usesK2$1: loaded 2 times (x 74B)
Class org.jetbrains.kotlin.gradle.dsl.KotlinCompile                                   : loaded 2 times (x 70B)
Class org.jetbrains.kotlin.gradle.plugin.mpp.compilationImpl.DefaultKotlinCompilationFriendPathsResolver$DefaultFriendArtifactResolver: loaded 2 times (x 74B)
Class org.jetbrains.kotlin.gradle.plugin.diagnostics.checkers.InternalGradlePropertiesUsageChecker$runChecks$1: loaded 2 times (x 88B)
Class org.jetbrains.kotlin.gradle.utils.StringUtilsKt$lowerCamelCaseName$1            : loaded 2 times (x 125B)
Class org.jetbrains.kotlin.gradle.dsl.JvmTarget$Companion                             : loaded 2 times (x 71B)
Class org.jetbrains.kotlin.gradle.plugin.internal.DefaultConfigurationCacheStartParameterAccessor: loaded 2 times (x 77B)
Class org.jetbrains.kotlin.tooling.core.HasExtras                                     : loaded 2 times (x 70B)
Class com.google.common.base.Charsets                                                 : loaded 2 times (x 71B)
Class com.google.common.util.concurrent.Uninterruptibles                              : loaded 2 times (x 71B)
Class org.jetbrains.kotlin.statistics.metrics.ConcatMetricContainer$Companion         : loaded 2 times (x 71B)
Class org.jetbrains.kotlin.gradle.plugin.sources.DefaultLanguageSettingsBuilder$freeCompilerArgsProvider$1: loaded 2 times (x 95B)
Class org.jetbrains.kotlin.gradle.targets.js.npm.DevNpmDependencyExtension            : loaded 2 times (x 70B)
Class org.jetbrains.kotlin.gradle.plugin.diagnostics.checkers.PreHmppDependenciesUsageChecker: loaded 2 times (x 74B)
Class org.jetbrains.kotlin.gradle.plugin.AbstractKotlinMultiplatformPluginWrapper     : loaded 2 times (x 86B)
Class org.jetbrains.kotlin.gradle.utils.GradleConfigurationUtilsKt$addGradlePluginMetadataAttributes$1: loaded 2 times (x 75B)
Class org.jetbrains.kotlin.gradle.plugin.internal.DefaultProjectIsolationStartParameterAccessor: loaded 2 times (x 77B)
Class com.google.common.collect.Maps                                                  : loaded 2 times (x 71B)
Class com.google.common.base.CharMatcher$JavaUpperCase                                : loaded 2 times (x 111B)
Class org.gradle.api.specs.Spec                                                       : loaded 2 times (x 70B)
Class org.jetbrains.kotlin.gradle.tasks.KotlinCompile$disableMultiModuleIC$2          : loaded 2 times (x 79B)
Class org.jetbrains.kotlin.gradle.plugin.SubpluginEnvironment$Companion               : loaded 2 times (x 71B)
Class org.jetbrains.kotlin.gradle.tasks.configuration.BaseKotlinCompileConfig$Companion: loaded 2 times (x 71B)
Class org.jetbrains.kotlin.gradle.plugin.mpp.compilationImpl.KotlinCompilationImpl$Params: loaded 2 times (x 72B)
Class org.jetbrains.kotlin.gradle.dsl.KotlinJvmOptions$DefaultImpls                   : loaded 2 times (x 71B)
Class org.jetbrains.kotlin.gradle.tooling.BuildKotlinToolingMetadataTask              : loaded 2 times (x 317B)
Class org.jetbrains.kotlin.gradle.plugin.internal.CompatibilityConventionRegistrarKt  : loaded 2 times (x 71B)
Class org.jetbrains.kotlin.build.report.metrics.GradleBuildPerformanceMetric$Companion: loaded 2 times (x 71B)
Class [Lcom.google.common.collect.ImmutableEntry;                                     : loaded 2 times (x 69B)
Class org.jetbrains.kotlin.gradle.tasks.configuration.AbstractKotlinCompileConfig$1$1 : loaded 2 times (x 74B)
Class org.jetbrains.kotlin.gradle.tasks.KotlinCompile$kotlinOptions$1                 : loaded 2 times (x 79B)
Class org.jetbrains.kotlin.gradle.utils.StringUtilsKt                                 : loaded 2 times (x 71B)
Class org.jetbrains.kotlin.tooling.core.ExtrasLazyProperty                            : loaded 2 times (x 70B)
Class org.jetbrains.kotlin.gradle.utils.CompletableFuture                             : loaded 2 times (x 70B)
Class org.jetbrains.kotlin.build.report.metrics.BuildPerformanceMetric                : loaded 2 times (x 70B)
Class [Lorg.jetbrains.kotlin.statistics.metrics.StringOverridePolicy;                 : loaded 2 times (x 69B)
Class com.google.common.cache.LocalCache$LoadingValueReference                        : loaded 2 times (x 96B)
Class org.jetbrains.kotlin.gradle.tasks.configuration.AbstractKotlinCompileConfig$getClasspathSnapshotDir$1: loaded 2 times (x 74B)
Class org.jetbrains.kotlin.gradle.tasks.configuration.AbstractKotlinCompileConfig$1$2 : loaded 2 times (x 74B)
Class com.google.common.collect.Multimaps$Entries                                     : loaded 2 times (x 118B)
Class org.jetbrains.kotlin.gradle.plugin.diagnostics.checkers.CommonMainOrTestWithDependsOnChecker: loaded 2 times (x 74B)
Class org.jetbrains.kotlin.gradle.plugin.KotlinTarget                                 : loaded 2 times (x 70B)
Class [Lorg.jetbrains.kotlin.statistics.metrics.BooleanAnonymizationPolicy;           : loaded 2 times (x 69B)
Class com.google.common.base.Platform                                                 : loaded 2 times (x 71B)
Class Build_gradle$1                                                                  : loaded 2 times (x 78B)
Class build_ds31pfo3xnyv8azmn7srqwxve                                                 : loaded 2 times (x 180B)
Class com.google.common.collect.AbstractMapBasedMultimap$WrappedList                  : loaded 2 times (x 205B)
Class org.jetbrains.kotlin.gradle.internal.KotlinDependenciesManagementKt$allNonProjectDependencies$1: loaded 2 times (x 74B)
Class [Lorg.jetbrains.kotlin.build.report.metrics.BuildAttributeKind;                 : loaded 2 times (x 69B)
Class org.jetbrains.kotlin.gradle.tasks.K2MultiplatformStructure                      : loaded 2 times (x 74B)
Class org.jetbrains.kotlin.compilerRunner.CompilerSystemPropertiesService$Parameters  : loaded 2 times (x 70B)
Class org.jetbrains.kotlin.gradle.plugin.mpp.compilationImpl.KotlinCompilationSourceSetsContainer: loaded 2 times (x 70B)
Class org.jetbrains.kotlin.gradle.plugin.ProjectLocalConfigurations                   : loaded 2 times (x 71B)
Class org.jetbrains.kotlin.gradle.plugin.mpp.KotlinUsages$KotlinUsagesDisambiguation  : loaded 2 times (x 76B)
Class org.jetbrains.kotlin.tooling.core.Extras$Key$Companion                          : loaded 2 times (x 71B)
Class org.jetbrains.kotlin.tooling.core.Extras$Key                                    : loaded 2 times (x 72B)
Class [Lorg.objectweb.asm.AnnotationWriter;                                           : loaded 2 times (x 69B)
Class com.google.common.primitives.Ints$IntConverter                                  : loaded 2 times (x 90B)
Class com.google.common.collect.Maps$8                                                : loaded 2 times (x 82B)
Class org.jetbrains.kotlin.gradle.tasks.configuration.AbstractKotlinCompileConfig$1$4 : loaded 2 times (x 75B)
Class com.google.common.collect.ImmutableRangeSet$Builder                             : loaded 2 times (x 77B)
Class [Lcom.google.common.collect.Iterators$EmptyModifiableIterator;                  : loaded 2 times (x 69B)
Class org.jetbrains.kotlin.gradle.plugin.diagnostics.CheckKotlinGradlePluginConfigurationErrors: loaded 2 times (x 317B)
Class org.jetbrains.kotlin.gradle.plugin.sources.DefaultKotlinSourceSetKt             : loaded 2 times (x 71B)
Class org.jetbrains.kotlin.gradle.dsl.KotlinJvmOptions                                : loaded 2 times (x 70B)
Class org.jetbrains.kotlin.gradle.plugin.mpp.HierarchyAttributeContainer$1            : loaded 2 times (x 78B)
Class org.jetbrains.kotlin.gradle.plugin.KotlinPluginLifecycle                        : loaded 2 times (x 70B)
Class org.jetbrains.kotlin.gradle.plugin.KotlinJsPluginWrapper                        : loaded 2 times (x 86B)
Class org.jetbrains.kotlin.gradle.dsl.ToolchainSupport                                : loaded 2 times (x 70B)
Class org.jetbrains.kotlin.tooling.core.Extras                                        : loaded 2 times (x 70B)
Class org.jetbrains.kotlin.gradle.plugin.mpp.InternalKotlinTarget                     : loaded 2 times (x 70B)
Class org.jetbrains.kotlin.statistics.metrics.NumberAnonymizationPolicy$RANDOM_10_PERCENT: loaded 2 times (x 85B)
Class org.jetbrains.kotlin.statistics.metrics.StringMetrics                           : loaded 2 times (x 80B)
Class com.google.common.collect.Sets$SetView                                          : loaded 2 times (x 138B)
Class com.google.common.cache.LocalCache$StrongValueReference                         : loaded 2 times (x 90B)
Class com.google.common.util.concurrent.AbstractFuture$SynchronizedHelper             : loaded 2 times (x 78B)
Class com.google.common.base.CharMatcher$Invisible                                    : loaded 2 times (x 112B)
Class com.google.common.graph.SuccessorsFunction                                      : loaded 2 times (x 70B)
Class org.jetbrains.kotlin.gradle.tasks.CompilerPluginOptions                         : loaded 2 times (x 72B)
Class org.jetbrains.kotlin.gradle.tasks.configuration.AbstractKotlinCompileConfig$1$5 : loaded 2 times (x 75B)
Class org.jetbrains.kotlin.gradle.plugin.mpp.KotlinTargetSoftwareComponentImpl        : loaded 2 times (x 90B)
Class org.jetbrains.kotlin.gradle.plugin.mpp.DefaultKotlinUsageContext$PublishOnlyIf  : loaded 2 times (x 70B)
Class org.jetbrains.kotlin.gradle.dsl.KotlinCommonCompilerOptionsHelper               : loaded 2 times (x 71B)
Class org.jetbrains.kotlin.gradle.plugin.KotlinJvmPlugin$Companion                    : loaded 2 times (x 71B)
Class org.objectweb.asm.Type                                                          : loaded 2 times (x 72B)
Class org.gradle.internal.classloader.VisitableURLClassLoader$InstrumentingVisitableURLClassLoader: loaded 2 times (x 123B)
Class com.google.common.io.Files$FileByteSink                                         : loaded 2 times (x 77B)
Class org.jetbrains.kotlin.gradle.tasks.configuration.AbstractKotlinCompileConfig$1$6 : loaded 2 times (x 75B)
Class [Lorg.jetbrains.kotlin.gradle.tasks.KotlinCompilerExecutionStrategy;            : loaded 2 times (x 69B)
Class org.jetbrains.kotlin.gradle.tasks.FailedCompilationException                    : loaded 2 times (x 82B)
Class org.jetbrains.kotlin.gradle.plugin.mpp.DefaultKotlinUsageContext$1              : loaded 2 times (x 74B)
Class org.jetbrains.kotlin.gradle.plugin.mpp.compilationImpl.KotlinCompilationImpl$associateWith$2: loaded 2 times (x 79B)
Class org.jetbrains.kotlin.gradle.plugin.hierarchy.KotlinSourceSetTreeClassifier      : loaded 2 times (x 70B)
Class org.jetbrains.kotlin.gradle.plugin.mpp.compilationImpl.KotlinCompilationAssociator: loaded 2 times (x 70B)
Class org.jetbrains.kotlin.gradle.plugin.mpp.KotlinNativeTarget                       : loaded 2 times (x 173B)
Class org.jetbrains.kotlin.gradle.plugin.diagnostics.checkers.KotlinSourceSetTreeDependsOnMismatchChecker$runChecks$1: loaded 2 times (x 88B)
Class org.jetbrains.kotlin.gradle.plugin.diagnostics.checkers.PreHmppDependenciesUsageChecker$runChecks$1: loaded 2 times (x 88B)
Class org.jetbrains.kotlin.gradle.plugin.KotlinSourceSetTree$Companion                : loaded 2 times (x 71B)
Class org.jetbrains.kotlin.gradle.plugin.diagnostics.KotlinGradleProjectChecker$Companion: loaded 2 times (x 71B)
Class org.jetbrains.kotlin.gradle.plugin.KotlinGradleBuildServices$Parameters         : loaded 2 times (x 70B)
Class org.jetbrains.kotlin.statistics.fileloggers.MetricsContainer$Companion          : loaded 2 times (x 71B)
Class org.objectweb.asm.ByteVector                                                    : loaded 2 times (x 79B)
Class [Lcom.google.common.cache.CacheBuilder$NullListener;                            : loaded 2 times (x 69B)
Class com.google.common.math.IntMath$1                                                : loaded 2 times (x 71B)
Class org.gradle.internal.classloader.VisitableURLClassLoader$Spec                    : loaded 2 times (x 74B)
Class org.gradle.internal.classpath.DefaultClassPath                                  : loaded 2 times (x 90B)
Class org.jetbrains.kotlin.gradle.plugin.mpp.KotlinSoftwareComponentKt                : loaded 2 times (x 71B)
Class org.jetbrains.kotlin.gradle.plugin.mpp.compilationImpl.KotlinCompilationSourceSetInclusion$AddSourcesToCompileTask: loaded 2 times (x 70B)
Class [Lorg.jetbrains.kotlin.gradle.plugin.HasProject;                                : loaded 2 times (x 69B)
Class org.jetbrains.kotlin.gradle.utils.MutableObservableSetImpl                      : loaded 2 times (x 163B)
Class org.jetbrains.kotlin.gradle.tasks.KotlinTasksProvider                           : loaded 2 times (x 72B)
Class org.jetbrains.kotlin.gradle.plugin.KotlinJsCompilerTypeHolder                   : loaded 2 times (x 70B)
Class org.jetbrains.kotlin.gradle.dsl.DefaultToolchainSupport$wireToolchainToTasks$1  : loaded 2 times (x 75B)
Class org.jetbrains.kotlin.gradle.dsl.KotlinCommonCompilerOptions                     : loaded 2 times (x 70B)
Class [Lorg.jetbrains.kotlin.build.report.metrics.GradleBuildTime;                    : loaded 2 times (x 69B)
Class org.objectweb.asm.Symbol                                                        : loaded 2 times (x 73B)
Class com.google.common.base.AbstractIterator                                         : loaded 2 times (x 80B)
Class com.google.common.io.Closer                                                     : loaded 2 times (x 78B)
Class org.jetbrains.kotlin.build.report.metrics.BuildAttributes                       : loaded 2 times (x 72B)
Class org.jetbrains.kotlin.gradle.plugin.mpp.compilationImpl.KotlinCompilationImpl    : loaded 2 times (x 140B)
Class [Lorg.jetbrains.kotlin.gradle.plugin.mpp.compilationImpl.factory.KotlinCompilationImplFactory$PostConfigure;: loaded 2 times (x 69B)
Class org.jetbrains.kotlin.gradle.plugin.KotlinSourceSet$Companion                    : loaded 2 times (x 71B)
Class [Lorg.jetbrains.kotlin.gradle.report.BuildReportMode;                           : loaded 2 times (x 69B)
Class org.jetbrains.kotlin.statistics.metrics.BooleanOverridePolicy                   : loaded 2 times (x 85B)
Class com.google.common.collect.ImmutableSet                                          : loaded 2 times (x 145B)
Class com.google.common.collect.RegularImmutableMap$Values                            : loaded 2 times (x 207B)
Class com.google.common.base.CharMatcher$BitSetMatcher                                : loaded 2 times (x 112B)
Class com.google.common.base.CharMatcher$Ascii                                        : loaded 2 times (x 112B)
Class org.gradle.internal.classloader.ClassLoaderSpec                                 : loaded 2 times (x 71B)
Class org.jetbrains.kotlin.gradle.tasks.DefaultKotlinJavaToolchain$DefaultJavaToolchainSetter: loaded 2 times (x 75B)
Class org.jetbrains.kotlin.build.report.metrics.BuildAttributeKind                    : loaded 2 times (x 79B)
Class org.jetbrains.kotlin.gradle.plugin.mpp.KotlinCompilationsKt$moduleNameForCompilation$1: loaded 2 times (x 75B)
Class org.jetbrains.kotlin.gradle.plugin.sources.KotlinDependencyScopeKt              : loaded 2 times (x 71B)
Class org.jetbrains.kotlin.compilerRunner.CompilerSystemPropertiesService$Companion$registerIfAbsent$2$1: loaded 2 times (x 79B)
Class org.jetbrains.kotlin.gradle.plugin.mpp.KotlinCompilationsKt$addSourcesToKotlinCompileTask$1: loaded 2 times (x 75B)
Class org.jetbrains.kotlin.gradle.internal.KotlinDependenciesManagementKt$configureDefaultVersionsResolutionStrategy$1$1: loaded 2 times (x 75B)
Class org.jetbrains.kotlin.gradle.plugin.diagnostics.CheckKotlinGradlePluginConfigurationErrorsKt$locateOrRegisterCheckKotlinGradlePluginErrorsTask$taskProvider$1: loaded 2 times (x 75B)
Class org.jetbrains.kotlin.gradle.tooling.BuildKotlinToolingMetadataTaskKt$buildKotlinToolingMetadataTask$1: loaded 2 times (x 78B)
Class org.jetbrains.kotlin.gradle.internal.Kapt3GradleSubplugin$Companion             : loaded 2 times (x 71B)
Class [Lorg.jetbrains.kotlin.statistics.metrics.NumberOverridePolicy;                 : loaded 2 times (x 69B)
Class org.objectweb.asm.AnnotationWriter                                              : loaded 2 times (x 79B)
Class com.google.common.cache.CacheStats                                              : loaded 2 times (x 71B)
Class com.google.common.io.Closer$Suppressor                                          : loaded 2 times (x 70B)
Class com.google.common.io.LineProcessor                                              : loaded 2 times (x 70B)
Class org.jetbrains.kotlin.gradle.tasks.K2MultiplatformStructure$RefinesEdge          : loaded 2 times (x 72B)
Class org.jetbrains.kotlin.gradle.tasks.configuration.TaskConfigAction$configureTask$1: loaded 2 times (x 79B)
Class com.google.common.collect.AbstractMapBasedMultimap$2                            : loaded 2 times (x 85B)
Class org.jetbrains.kotlin.gradle.plugin.diagnostics.checkers.DuplicateSourceSetChecker$runChecks$1: loaded 2 times (x 88B)
Class org.jetbrains.kotlin.gradle.dsl.JvmTarget                                       : loaded 2 times (x 79B)
Class org.jetbrains.kotlin.gradle.internal.ClassLoadersCachingBuildService            : loaded 2 times (x 76B)
Class org.jetbrains.kotlin.gradle.plugin.VariantImplementationFactories$Inject        : loaded 2 times (x 106B)
Class org.jetbrains.kotlin.gradle.plugin.VariantImplementationFactoriesConfigurator$Companion: loaded 2 times (x 71B)
Class org.objectweb.asm.RecordComponentWriter                                         : loaded 2 times (x 78B)
Class com.google.common.util.concurrent.AbstractFuture$Listener                       : loaded 2 times (x 72B)
Class com.google.common.base.CharMatcher$Or                                           : loaded 2 times (x 112B)
Class org.jetbrains.kotlin.gradle.tasks.KotlinCompile_Decorated                       : loaded 2 times (x 599B)
Class org.jetbrains.kotlin.gradle.plugin.internal.BuildIdService$Companion            : loaded 2 times (x 71B)
Class org.jetbrains.kotlin.gradle.targets.js.dsl.KotlinWasmSubTargetContainerDsl      : loaded 2 times (x 70B)
Class org.jetbrains.kotlin.gradle.plugin.diagnostics.checkers.DisabledCinteropCommonizationInHmppProjectChecker: loaded 2 times (x 74B)
Class org.jetbrains.kotlin.gradle.plugin.diagnostics.checkers.NoKotlinTargetsDeclaredChecker: loaded 2 times (x 74B)
Class org.jetbrains.kotlin.gradle.plugin.KotlinSourceSetContainer                     : loaded 2 times (x 70B)
Class org.objectweb.asm.Attribute                                                     : loaded 2 times (x 77B)
Class com.google.common.base.Supplier                                                 : loaded 2 times (x 70B)
Class org.gradle.internal.classloader.VisitableURLClassLoader                         : loaded 2 times (x 117B)
Class org.jetbrains.kotlin.gradle.plugin.sources.InternalKotlinSourceSetKt$awaitPlatformCompilations$1: loaded 2 times (x 88B)
Class [Lorg.jetbrains.kotlin.gradle.plugin.sources.KotlinDependencyScope;             : loaded 2 times (x 69B)
Class org.jetbrains.kotlin.gradle.plugin.mpp.compilationImpl.factory.ConfigurationNaming: loaded 2 times (x 70B)
Class org.jetbrains.kotlin.gradle.plugin.mpp.compilationImpl.DefaultKotlinCompilationPostConfigureKt: loaded 2 times (x 71B)
Class org.jetbrains.kotlin.gradle.plugin.diagnostics.KotlinGradleProjectCheckersRunnerKt: loaded 2 times (x 71B)
Class [Lorg.jetbrains.kotlin.tooling.core.HasExtras;                                  : loaded 2 times (x 69B)
Class org.jetbrains.kotlin.gradle.dsl.DefaultToolchainSupport$wireToolchainToTasks$1$1: loaded 2 times (x 75B)
Class org.jetbrains.kotlin.gradle.utils.SingleActionPerProject                        : loaded 2 times (x 73B)
Class com.google.common.util.concurrent.AbstractFuture$Waiter                         : loaded 2 times (x 72B)
Class org.jetbrains.kotlin.gradle.plugin.DefaultKotlinBasePlugin                      : loaded 2 times (x 82B)
Class org.gradle.internal.Cast                                                        : loaded 2 times (x 71B)
Class org.gradle.api.Action                                                           : loaded 2 times (x 70B)
Class [Lorg.jetbrains.kotlin.gradle.plugin.mpp.KotlinUsageContext$MavenScope;         : loaded 2 times (x 69B)
Class org.jetbrains.kotlin.gradle.plugin.mpp.compilationImpl.KotlinCompilationCompilerOptionsFromTargetConfigurator: loaded 2 times (x 74B)
Class org.jetbrains.kotlin.gradle.utils.FailuresKt$ideaSyncClasspathModeUtil$1        : loaded 2 times (x 72B)
Class org.jetbrains.kotlin.gradle.plugin.diagnostics.KotlinToolingDiagnosticsCollector$Inject: loaded 2 times (x 96B)
Class org.jetbrains.kotlin.gradle.dsl.KotlinTargetContainerWithWasmPresetFunctions    : loaded 2 times (x 70B)
Class org.jetbrains.kotlin.gradle.plugin.GradleUtilsKt                                : loaded 2 times (x 71B)
Class com.google.common.collect.Sets                                                  : loaded 2 times (x 71B)
Class org.objectweb.asm.Handler                                                       : loaded 2 times (x 72B)
Class com.google.common.base.Ticker                                                   : loaded 2 times (x 72B)
Class com.google.common.base.Strings                                                  : loaded 2 times (x 71B)
Class com.google.common.base.CharMatcher$FastMatcher                                  : loaded 2 times (x 111B)
Class org.gradle.internal.agents.InstrumentingClassLoader                             : loaded 2 times (x 70B)
Class org.jetbrains.kotlin.gradle.tasks.KotlinCompile$javaSources$1                   : loaded 2 times (x 75B)
Class org.jetbrains.kotlin.gradle.plugin.KotlinTarget$DefaultImpls                    : loaded 2 times (x 71B)
Class org.jetbrains.kotlin.gradle.plugin.diagnostics.KotlinToolingDiagnosticsCollector: loaded 2 times (x 76B)
Class org.jetbrains.kotlin.tooling.core.MutableExtrasImpl                             : loaded 2 times (x 165B)
Class org.jetbrains.kotlin.gradle.plugin.statistics.KotlinBuildStatsMXBean            : loaded 2 times (x 70B)
Class org.jetbrains.kotlin.gradle.utils.FileUtilsKt                                   : loaded 2 times (x 71B)
Class [Lcom.google.common.cache.LocalCache$Segment;                                   : loaded 2 times (x 69B)
Class [Lcom.google.common.cache.LocalCache$Strength;                                  : loaded 2 times (x 69B)
Class com.google.common.cache.CacheBuilder$1                                          : loaded 2 times (x 85B)
Class com.google.common.collect.ImmutableMap                                          : loaded 2 times (x 120B)
Class com.google.common.base.Predicate                                                : loaded 2 times (x 70B)
Class org.gradle.internal.classpath.DefaultClassPath$ImmutableUniqueList$Builder      : loaded 2 times (x 75B)
Class org.jetbrains.kotlin.gradle.plugin.mpp.KotlinCompilationFactory$DefaultImpls    : loaded 2 times (x 71B)
Class com.google.common.collect.AbstractRangeSet                                      : loaded 2 times (x 114B)
Class org.jetbrains.kotlin.gradle.plugin.diagnostics.checkers.InternalGradlePropertiesUsageChecker: loaded 2 times (x 74B)
Class org.jetbrains.kotlin.gradle.targets.metadata.KotlinMetadataTargetConfiguratorKt : loaded 2 times (x 71B)
Class org.jetbrains.kotlin.gradle.testing.internal.KotlinTestsRegistry$Companion      : loaded 2 times (x 71B)
Class org.jetbrains.kotlin.gradle.dsl.KotlinCommonCompilerToolOptions                 : loaded 2 times (x 70B)
Class org.jetbrains.kotlin.gradle.internal.ClassLoadersCachingBuildService$Companion$registerIfAbsent$1$1: loaded 2 times (x 79B)
Class org.jetbrains.kotlin.gradle.plugin.internal.DefaultConfigurationCacheStartParameterAccessorVariantFactory: loaded 2 times (x 76B)
Class com.google.common.cache.LocalCache                                              : loaded 2 times (x 187B)
Class com.google.common.cache.CacheBuilder$2                                          : loaded 2 times (x 72B)
Class com.google.common.base.CharMatcher$NegatedFastMatcher                           : loaded 2 times (x 113B)
Class org.jetbrains.kotlin.build.report.metrics.BuildPerformanceMetrics$Companion     : loaded 2 times (x 71B)
Class org.jetbrains.kotlin.cli.common.arguments.K2JVMCompilerArguments                : loaded 2 times (x 81B)
Class org.jetbrains.kotlin.gradle.plugin.mpp.compilationImpl.DefaultKotlinCompilationSourceSetsContainer$source$1: loaded 2 times (x 79B)
Class org.jetbrains.kotlin.gradle.internal.KotlinTestDependencyManagementKt           : loaded 2 times (x 71B)
Class [Lorg.jetbrains.kotlin.gradle.plugin.sources.ConsistencyCheck;                  : loaded 2 times (x 69B)
Class org.jetbrains.kotlin.gradle.report.ReportingSettings                            : loaded 2 times (x 72B)
Class org.jetbrains.kotlin.statistics.metrics.StringAnonymizationPolicy$ComponentVersionAnonymizer: loaded 2 times (x 78B)
Class [Lcom.google.common.collect.AbstractMapEntry;                                   : loaded 2 times (x 69B)
Class com.google.common.collect.ImmutableEntry                                        : loaded 2 times (x 82B)
Class com.google.common.collect.ArrayListMultimap                                     : loaded 2 times (x 172B)
Class com.google.common.base.AbstractIterator$1                                       : loaded 2 times (x 71B)
Class com.google.common.base.CharMatcher$Digit                                        : loaded 2 times (x 112B)
Class org.jetbrains.kotlin.gradle.plugin.KotlinBasePluginWrapper                      : loaded 2 times (x 86B)
Class org.gradle.api.GradleException                                                  : loaded 2 times (x 82B)
Class org.jetbrains.kotlin.gradle.plugin.ProjectLocalConfigurations$ProjectLocalCompatibility: loaded 2 times (x 76B)
Class org.jetbrains.kotlin.gradle.dsl.KotlinJvmCompilerOptions                        : loaded 2 times (x 70B)
Class com.google.common.collect.CollectPreconditions                                  : loaded 2 times (x 71B)
Class com.google.common.base.CharMatcher$JavaIsoControl                               : loaded 2 times (x 112B)
Class [Lcom.google.common.io.FileWriteMode;                                           : loaded 2 times (x 69B)
Class org.jetbrains.kotlin.gradle.plugin.KotlinPluginLifecycleImpl$launch$1           : loaded 2 times (x 79B)
Class org.jetbrains.kotlin.gradle.utils.Completable                                   : loaded 2 times (x 72B)
Class org.jetbrains.kotlin.gradle.plugin.statistics.KotlinBuildStatsServicesRegistry$Companion: loaded 2 times (x 71B)
Class org.jetbrains.kotlin.gradle.plugin.internal.DefaultCompatibilityConventionRegistrar$Factory: loaded 2 times (x 76B)
Class com.google.common.collect.SortedMapDifference                                   : loaded 2 times (x 70B)
Class com.google.common.base.CharMatcher$JavaLowerCase                                : loaded 2 times (x 111B)
Class build_ez3ylh8f05qc8ubghpqodg7k2                                                 : loaded 2 times (x 180B)
Class com.google.common.io.Files                                                      : loaded 2 times (x 71B)
Class com.google.common.cache.LocalCache$WriteThroughEntry                            : loaded 2 times (x 79B)
Class com.google.common.cache.LocalCache$HashIterator                                 : loaded 2 times (x 86B)
Class org.jetbrains.kotlin.gradle.tasks.DefaultKotlinJavaToolchain$DefaultJdkSetter   : loaded 2 times (x 76B)
Class org.jetbrains.kotlin.cli.common.arguments.CommonCompilerArguments               : loaded 2 times (x 80B)
Class org.jetbrains.kotlin.gradle.plugin.mpp.KotlinOnlyTarget                         : loaded 2 times (x 159B)
Class org.jetbrains.kotlin.gradle.targets.js.npm.BaseNpmDependencyExtension           : loaded 2 times (x 70B)
Class org.jetbrains.kotlin.gradle.dsl.KotlinVersion$Companion                         : loaded 2 times (x 71B)
Class org.jetbrains.kotlin.gradle.InternalKotlinGradlePluginApi                       : loaded 2 times (x 70B)
Class org.jetbrains.kotlin.gradle.dsl.DefaultToolchainSupport                         : loaded 2 times (x 76B)
Class org.jetbrains.kotlin.gradle.plugin.internal.CustomPropertiesFileValueSource     : loaded 2 times (x 82B)
Class com.google.common.cache.LocalCache$EntryFactory                                 : loaded 2 times (x 83B)
Class org.jetbrains.kotlin.gradle.tasks.TaskOutputsBackup                             : loaded 2 times (x 72B)
Class org.jetbrains.kotlin.gradle.internal.StdlibDependencyManagementKt$configureStdlibVersionAlignment$1$1: loaded 2 times (x 75B)
Class org.jetbrains.kotlin.gradle.dsl.KotlinProjectExtension$awaitSourceSets$1        : loaded 2 times (x 88B)
Class org.jetbrains.kotlin.gradle.plugin.KotlinPluginLifecycle$CoroutineStart         : loaded 2 times (x 79B)
Class org.jetbrains.kotlin.gradle.tasks.TasksProviderKt$sam$org_gradle_api_Action$0   : loaded 2 times (x 75B)
Class org.jetbrains.kotlin.gradle.tooling.BuildKotlinToolingMetadataTask$FromKotlinExtension: loaded 2 times (x 317B)
Class org.jetbrains.kotlin.gradle.utils.FailuresKt                                    : loaded 2 times (x 71B)
Class org.jetbrains.kotlin.gradle.internal.ClassLoadersCachingBuildService$Companion$registerIfAbsent$1$1$1: loaded 2 times (x 75B)
Class org.jetbrains.kotlin.tooling.core.HasMutableExtras                              : loaded 2 times (x 70B)
Class com.google.common.cache.LocalCache$AbstractReferenceEntry                       : loaded 2 times (x 107B)
Class com.google.common.base.Splitter$1$1                                             : loaded 2 times (x 86B)
Class com.google.common.base.CharMatcher$Whitespace                                   : loaded 2 times (x 112B)
Class org.gradle.internal.IoActions                                                   : loaded 2 times (x 71B)
Class org.jetbrains.kotlin.gradle.internal.Kapt3KotlinGradleSubpluginKt               : loaded 2 times (x 71B)
Class org.jetbrains.kotlin.gradle.dsl.KotlinJvmCompile                                : loaded 2 times (x 70B)
Class com.google.common.collect.ImmutableRangeSet$ComplementRanges                    : loaded 2 times (x 207B)
Class org.jetbrains.kotlin.gradle.internal.Kapt3GradleSubplugin                       : loaded 2 times (x 83B)
Class org.jetbrains.kotlin.statistics.metrics.BooleanOverridePolicy$OR                : loaded 2 times (x 85B)
Class org.jetbrains.kotlin.gradle.plugin.UsesVariantImplementationFactories           : loaded 2 times (x 70B)
Class org.objectweb.asm.SymbolTable                                                   : loaded 2 times (x 72B)
Class com.google.common.cache.CacheLoader$InvalidCacheLoadException                   : loaded 2 times (x 82B)
Class com.google.common.collect.ImmutableSet$RegularSetBuilderImpl                    : loaded 2 times (x 77B)
Class com.google.common.base.CharMatcher$SingleWidth                                  : loaded 2 times (x 112B)
Class org.gradle.internal.classloader.SystemClassLoaderSpec                           : loaded 2 times (x 71B)
Class org.jetbrains.kotlin.gradle.tasks.CacheableTasksKt$cacheOnlyIfEnabledForKotlin$1$1: loaded 2 times (x 74B)
Class org.jetbrains.kotlin.gradle.tasks.configuration.BaseKotlinCompileConfig$1$1     : loaded 2 times (x 74B)
Class org.jetbrains.kotlin.gradle.plugin.mpp.compilationImpl.factory.KotlinCompilationImplFactory$PostConfigure: loaded 2 times (x 70B)
Class org.jetbrains.kotlin.gradle.plugin.diagnostics.checkers.NoKotlinTargetsDeclaredChecker$runChecks$1: loaded 2 times (x 88B)
Class org.jetbrains.kotlin.gradle.plugin.mpp.AbstractKotlinTarget$kotlinComponents$2  : loaded 2 times (x 79B)
Class org.jetbrains.kotlin.gradle.plugin.KotlinPlatformType$CompatibilityRule         : loaded 2 times (x 76B)
Class org.jetbrains.kotlin.gradle.plugin.BuildEventsListenerRegistryHolder            : loaded 2 times (x 72B)
Class [Lorg.jetbrains.kotlin.statistics.metrics.BooleanOverridePolicy;                : loaded 2 times (x 69B)
Class org.jetbrains.kotlin.gradle.plugin.internal.CustomPropertiesFileValueSource$Parameters$Inject: loaded 2 times (x 106B)
Class com.google.common.cache.LocalCache$StrongEntry                                  : loaded 2 times (x 108B)
Class com.google.common.util.concurrent.AbstractFuture$TrustedFuture                  : loaded 2 times (x 114B)
Class com.google.common.cache.LoadingCache                                            : loaded 2 times (x 70B)
Class org.jetbrains.kotlin.statistics.metrics.ConcatMetricContainer                   : loaded 2 times (x 77B)
Class org.jetbrains.kotlin.gradle.tasks.GradleCompileTaskProvider                     : loaded 2 times (x 72B)
Class org.jetbrains.kotlin.gradle.plugin.mpp.KotlinTargetSoftwareComponentImplKt$KotlinTargetSoftwareComponent$1: loaded 2 times (x 95B)
Class org.jetbrains.kotlin.gradle.plugin.internal.BuildIdService                      : loaded 2 times (x 76B)
Class org.jetbrains.kotlin.gradle.plugin.mpp.compilationImpl.factory.KotlinCompilationDependencyConfigurationsFactoriesKt: loaded 2 times (x 71B)
Class org.jetbrains.kotlin.gradle.plugin.mpp.compilationImpl.DefaultKotlinCompilationFriendPathsResolver: loaded 2 times (x 75B)
Class org.jetbrains.kotlin.gradle.plugin.diagnostics.checkers.WasmSourceSetsNotFoundChecker$runChecks$1: loaded 2 times (x 88B)
Class org.jetbrains.kotlin.gradle.dsl.KotlinVersion                                   : loaded 2 times (x 79B)
Class org.objectweb.asm.MethodWriter                                                  : loaded 2 times (x 106B)
Class [Lcom.google.common.cache.Weigher;                                              : loaded 2 times (x 69B)
Class com.google.common.collect.RegularImmutableMap$BucketOverflowException           : loaded 2 times (x 82B)
Class org.jetbrains.kotlin.cli.common.CompilerSystemProperties$Companion              : loaded 2 times (x 71B)
Class com.google.common.collect.AbstractMapBasedMultimap$RandomAccessWrappedList      : loaded 2 times (x 205B)
Class org.jetbrains.kotlin.gradle.plugin.sources.KotlinDependencyScope$Companion      : loaded 2 times (x 71B)
Class org.jetbrains.kotlin.gradle.plugin.KotlinPluginLifecycleKt$launchInStage$1      : loaded 2 times (x 95B)
Class org.jetbrains.kotlin.gradle.tasks.configuration.BaseKotlinCompileConfig$1$3     : loaded 2 times (x 75B)
Class org.jetbrains.kotlin.gradle.tasks.KotlinJvmCompile                              : loaded 2 times (x 70B)
Class org.jetbrains.kotlin.gradle.plugin.mpp.compilationImpl.KotlinCompilationSourceSetsContainerKt: loaded 2 times (x 71B)
Class org.jetbrains.kotlin.gradle.report.BuildReportMode                              : loaded 2 times (x 79B)
Class org.jetbrains.kotlin.statistics.metrics.StringAnonymizationPolicy$RegexControlled: loaded 2 times (x 79B)
Class org.jetbrains.kotlin.statistics.ValueAnonymizer                                 : loaded 2 times (x 70B)
Class org.jetbrains.kotlin.gradle.plugin.VariantImplementationFactories$Companion$getProvider$2$1$1: loaded 2 times (x 75B)
Class org.jetbrains.kotlin.gradle.plugin.internal.ProjectIsolationStartParameterAccessor$Factory: loaded 2 times (x 70B)
Class org.jetbrains.kotlin.gradle.tasks.KotlinCompile$disableMultiModuleIC$2$1        : loaded 2 times (x 75B)
Class org.jetbrains.kotlin.gradle.tasks.DefaultKotlinJavaToolchain$javaExecutable$1   : loaded 2 times (x 75B)
Class org.jetbrains.kotlin.build.report.metrics.BuildAttribute                        : loaded 2 times (x 79B)
Class org.jetbrains.kotlin.gradle.plugin.mpp.compilationImpl.KotlinCompilationRegisterInSourceSetsConfigurator: loaded 2 times (x 74B)
Class org.jetbrains.kotlin.gradle.plugin.mpp.compilationImpl.factory.DefaultKotlinCompilationTaskNamesContainerFactory: loaded 2 times (x 74B)
Class com.google.common.collect.RegularImmutableBiMap                                 : loaded 2 times (x 148B)
Class [Lorg.jetbrains.kotlin.gradle.targets.js.npm.NpmDependency$Scope;               : loaded 2 times (x 69B)
Class org.jetbrains.kotlin.gradle.plugin.KotlinCompilerPluginSupportPlugin            : loaded 2 times (x 70B)
Class org.jetbrains.kotlin.gradle.plugin.mpp.AbstractKotlinTarget$components$2        : loaded 2 times (x 79B)
Class org.jetbrains.kotlin.gradle.plugin.mpp.KotlinUsages$setupAttributesMatchingStrategy$1: loaded 2 times (x 74B)
Class org.jetbrains.kotlin.gradle.utils.AndroidPluginIdsKt                            : loaded 2 times (x 71B)
Class com.google.common.cache.LocalCache$ValueReference                               : loaded 2 times (x 70B)
Class com.google.common.base.CharMatcher$Negated                                      : loaded 2 times (x 113B)
Class com.google.common.base.CharMatcher$Is                                           : loaded 2 times (x 111B)
Class org.jetbrains.kotlin.gradle.plugin.KotlinBasePlugin                             : loaded 2 times (x 70B)
Class org.jetbrains.kotlin.gradle.tasks.internal.KotlinJvmOptionsCompat               : loaded 2 times (x 103B)
Class org.jetbrains.kotlin.cli.common.arguments.CommonToolArguments                   : loaded 2 times (x 73B)
Class org.jetbrains.kotlin.gradle.utils.FutureKt                                      : loaded 2 times (x 71B)
Class org.jetbrains.kotlin.gradle.logging.GradleLoggingUtilsKt                        : loaded 2 times (x 71B)
Class com.google.common.util.concurrent.AbstractFuture$Failure                        : loaded 2 times (x 72B)
Class com.google.common.base.Equivalence$Equals                                       : loaded 2 times (x 82B)
Class com.google.common.collect.Hashing                                               : loaded 2 times (x 71B)
Class com.google.common.base.PatternCompiler                                          : loaded 2 times (x 70B)
Class com.google.common.base.Preconditions                                            : loaded 2 times (x 71B)
Class com.google.common.io.CharSink                                                   : loaded 2 times (x 79B)
Class org.jetbrains.kotlin.compilerRunner.GradleCompilerRunner$Companion              : loaded 2 times (x 71B)
Class [Lorg.jetbrains.kotlin.gradle.dsl.PlatformSourceSetConventionsChecker$CheckedPlatformInfo;: loaded 2 times (x 69B)
Class org.jetbrains.kotlin.gradle.plugin.diagnostics.KotlinGradleProjectCheckerContext: loaded 2 times (x 72B)
Class org.jetbrains.kotlin.gradle.plugin.diagnostics.checkers.DuplicateSourceSetChecker: loaded 2 times (x 74B)
Class org.jetbrains.kotlin.gradle.dsl.KotlinTargetContainerWithNativeShortcuts        : loaded 2 times (x 70B)
Class org.jetbrains.kotlin.gradle.plugin.DefaultKotlinBasePlugin$setupAttributeMatchingStrategy$1$1: loaded 2 times (x 79B)
Class org.jetbrains.kotlin.statistics.metrics.NumericalMetrics$Companion              : loaded 2 times (x 71B)
Class [Lorg.jetbrains.kotlin.statistics.metrics.NumberAnonymizationPolicy;            : loaded 2 times (x 69B)
Class org.jetbrains.kotlin.statistics.metrics.NumberOverridePolicy$OVERRIDE           : loaded 2 times (x 85B)
Class com.google.common.base.Joiner$1                                                 : loaded 2 times (x 80B)
Class org.objectweb.asm.Label                                                         : loaded 2 times (x 73B)
Class org.objectweb.asm.CurrentFrame                                                  : loaded 2 times (x 73B)
Class org.objectweb.asm.ClassTooLargeException                                        : loaded 2 times (x 83B)
Class com.google.common.collect.PeekingIterator                                       : loaded 2 times (x 70B)
Class com.google.common.base.CharMatcher                                              : loaded 2 times (x 111B)
Class com.google.common.collect.Maps$IteratorBasedAbstractMap                         : loaded 2 times (x 125B)
Class org.jetbrains.kotlin.gradle.tasks.configuration.AbstractKotlinCompileConfig$2$2$1: loaded 2 times (x 75B)
Class org.jetbrains.kotlin.build.report.metrics.BuildAttributes$Companion             : loaded 2 times (x 71B)
Class org.jetbrains.kotlin.gradle.tasks.KotlinCompilationTask                         : loaded 2 times (x 70B)
Class org.jetbrains.kotlin.gradle.plugin.mpp.compilationImpl.factory.KotlinCompilationImplFactory$ProcessResourcesTaskNameFactory: loaded 2 times (x 70B)
Class com.google.common.collect.RangeGwtSerializationDependencies                     : loaded 2 times (x 71B)
Class org.jetbrains.kotlin.gradle.internal.KotlinDependenciesManagementKt             : loaded 2 times (x 71B)
Class org.jetbrains.kotlin.gradle.plugin.DefaultKotlinBasePlugin$setupAttributeMatchingStrategy$1$2: loaded 2 times (x 79B)
Class org.jetbrains.kotlin.gradle.plugin.internal.CustomPropertiesFileValueSource$Inject: loaded 2 times (x 113B)
Class com.google.common.base.Joiner$2                                                 : loaded 2 times (x 79B)
Class org.objectweb.asm.Frame                                                         : loaded 2 times (x 73B)
Class org.objectweb.asm.MethodVisitor                                                 : loaded 2 times (x 105B)
Class com.google.common.cache.LocalCache$EntryFactory$1                               : loaded 2 times (x 83B)
Class [Lcom.google.common.cache.RemovalListener;                                      : loaded 2 times (x 69B)
Class com.google.common.base.CharMatcher$1                                            : loaded 2 times (x 113B)
Class com.google.common.base.CharMatcher$NamedFastMatcher                             : loaded 2 times (x 112B)
Class org.jetbrains.kotlin.compilerRunner.UsesCompilerSystemPropertiesService         : loaded 2 times (x 70B)
Class org.jetbrains.kotlin.gradle.plugin.mpp.compilationImpl.KotlinCompilationSourceSetInclusion$Companion: loaded 2 times (x 71B)
Class com.google.common.collect.RangeSet                                              : loaded 2 times (x 70B)
Class org.jetbrains.kotlin.gradle.plugin.diagnostics.checkers.MissingNativeStdlibChecker$runChecks$1: loaded 2 times (x 88B)
Class [Lorg.jetbrains.kotlin.gradle.plugin.sources.android.AndroidVariantType;        : loaded 2 times (x 69B)
Class org.jetbrains.kotlin.gradle.plugin.sources.android.AndroidVariantType           : loaded 2 times (x 79B)
Class org.jetbrains.kotlin.gradle.plugin.mpp.KotlinTargetSoftwareComponent            : loaded 2 times (x 89B)
Class org.jetbrains.kotlin.gradle.plugin.mpp.KotlinVariant                            : loaded 2 times (x 101B)
Class org.jetbrains.kotlin.gradle.utils.WhenPluginEnabledKt                           : loaded 2 times (x 71B)
Class org.jetbrains.kotlin.tooling.core.ExtrasProperty                                : loaded 2 times (x 70B)
Class org.jetbrains.kotlin.gradle.plugin.VariantImplementationFactories               : loaded 2 times (x 75B)
Class com.google.common.cache.LocalCache$EntryFactory$2                               : loaded 2 times (x 83B)
Class org.jetbrains.kotlin.tooling.core.Extras$Entry$Companion                        : loaded 2 times (x 71B)
Class com.google.common.collect.CollectCollectors                                     : loaded 2 times (x 71B)
Class org.jetbrains.kotlin.gradle.targets.js.dsl.KotlinWasmWasiTargetDsl              : loaded 2 times (x 70B)
Class org.jetbrains.kotlin.gradle.plugin.diagnostics.checkers.DisabledNativeTargetsChecker: loaded 2 times (x 74B)
Class org.jetbrains.kotlin.gradle.internal.CompilerArgumentAware                      : loaded 2 times (x 70B)
Class org.objectweb.asm.ModuleWriter                                                  : loaded 2 times (x 82B)
Class com.google.common.cache.LocalCache$EntryFactory$3                               : loaded 2 times (x 83B)
Class com.google.common.base.Ticker$1                                                 : loaded 2 times (x 72B)
Class com.google.common.collect.ImmutableMapEntrySet$RegularEntrySet                  : loaded 2 times (x 151B)
Class com.google.common.collect.Maps$BiMapConverter                                   : loaded 2 times (x 90B)
Class Native_plugin_loader_gradle$NativePluginLoader                                  : loaded 2 times (x 72B)
Class build_b7g12jazn3klgfuliyxnr9r92$_run_closure1                                   : loaded 2 times (x 139B)
Class org.jetbrains.kotlin.gradle.tasks.K2MultiplatformStructure_Decorated            : loaded 2 times (x 135B)
Class org.jetbrains.kotlin.compilerRunner.GradleCompilerRunner                        : loaded 2 times (x 73B)
Class com.google.common.collect.SetMultimap                                           : loaded 2 times (x 70B)
Class org.jetbrains.kotlin.gradle.dsl.AndroidMainSourceSetConventionsChecker$runChecks$1: loaded 2 times (x 88B)
Class org.jetbrains.kotlin.gradle.plugin.sources.FragmentConsistencyChecks            : loaded 2 times (x 72B)
Class org.jetbrains.kotlin.gradle.plugin.mpp.InternalKotlinTargetComponent            : loaded 2 times (x 93B)
Class org.jetbrains.kotlin.gradle.utils.ProviderApiUtilsKt                            : loaded 2 times (x 71B)
Class org.jetbrains.kotlin.gradle.internal.tasks.TaskWithLocalState                   : loaded 2 times (x 70B)
Class org.jetbrains.kotlin.statistics.metrics.BooleanMetrics                          : loaded 2 times (x 80B)
Class com.google.common.cache.LocalCache$EntryFactory$4                               : loaded 2 times (x 83B)
Class com.google.common.collect.ImmutableSet$Builder                                  : loaded 2 times (x 85B)
Class com.google.common.base.CharMatcher$InRange                                      : loaded 2 times (x 111B)
Class org.jetbrains.kotlin.gradle.dsl.KotlinCommonCompilerOptionsExtensionsKt         : loaded 2 times (x 71B)
Class org.jetbrains.kotlin.gradle.plugin.sources.KotlinDependencyScopeKt$WhenMappings : loaded 2 times (x 71B)
Class org.jetbrains.kotlin.gradle.tasks.K2MultiplatformCompilationTask                : loaded 2 times (x 70B)
Class org.jetbrains.kotlin.gradle.plugin.sources.FragmentConsistencyChecks$languageVersionCheck$1: loaded 2 times (x 79B)
Class org.jetbrains.kotlin.gradle.plugin.mpp.DecoratedKotlinCompilation               : loaded 2 times (x 191B)
Class [Lorg.jetbrains.kotlin.gradle.plugin.KotlinPlatformType;                        : loaded 2 times (x 69B)
Class org.jetbrains.kotlin.statistics.metrics.NumberOverridePolicy$AVERAGE            : loaded 2 times (x 85B)
Class org.jetbrains.kotlin.gradle.plugin.VariantImplementationFactories$Parameters$Inject: loaded 2 times (x 106B)
Class com.google.common.cache.LocalCache$EntryFactory$5                               : loaded 2 times (x 83B)
Class org.jetbrains.kotlin.gradle.plugin.mpp.MppSourcesJarKt$sourcesJarTaskNamed$result$1: loaded 2 times (x 79B)
Class org.jetbrains.kotlin.gradle.tasks.configuration.BaseKotlinCompileConfig$1       : loaded 2 times (x 79B)
Class org.jetbrains.kotlin.gradle.plugin.UsesBuildFinishedListenerService             : loaded 2 times (x 70B)
Class org.jetbrains.kotlin.gradle.plugin.mpp.compilationImpl.factory.ConfigurationNaming$Default: loaded 2 times (x 75B)
Class org.jetbrains.kotlin.gradle.plugin.mpp.compilationImpl.KotlinCompilationSourceSetInclusion: loaded 2 times (x 72B)
Class org.jetbrains.kotlin.gradle.targets.jvm.KotlinJvmTarget                         : loaded 2 times (x 172B)
Class org.jetbrains.kotlin.gradle.targets.js.dsl.KotlinWasmJsTargetDsl                : loaded 2 times (x 70B)
Class org.jetbrains.kotlin.gradle.plugin.diagnostics.checkers.DisabledNativeTargetsChecker$runChecks$1: loaded 2 times (x 88B)
Class org.jetbrains.kotlin.gradle.plugin.KotlinPluginLifecycleImpl$await$2$1          : loaded 2 times (x 79B)
Class org.jetbrains.kotlin.gradle.plugin.sources.DefaultLanguageSettingsBuilder       : loaded 2 times (x 100B)
Class org.jetbrains.kotlin.gradle.plugin.sources.FragmentConsistencyChecks$languageVersionCheck$2: loaded 2 times (x 78B)
Class org.jetbrains.kotlin.gradle.dsl.KotlinTargetContainerWithPresetFunctions        : loaded 2 times (x 70B)
Class org.jetbrains.kotlin.gradle.utils.GradleConfigurationUtilsKt                    : loaded 2 times (x 71B)
Class org.jetbrains.kotlin.gradle.plugin.StatisticsBuildFlowManager$subscribeForBuildResult$1: loaded 2 times (x 75B)
Class org.jetbrains.kotlin.gradle.plugin.internal.CustomPropertiesFileValueSource$Parameters: loaded 2 times (x 70B)
Class com.google.common.cache.LocalCache$EntryFactory$6                               : loaded 2 times (x 83B)
Class Build_gradle                                                                    : loaded 2 times (x 130B)
Class org.gradle.internal.installation.CurrentGradleInstallationLocator               : loaded 2 times (x 71B)
Class org.jetbrains.kotlin.gradle.tasks.DefaultKotlinJavaToolchain$getToolsJarFromJvm$1: loaded 2 times (x 75B)
Class org.jetbrains.kotlin.build.report.metrics.GcMetrics                             : loaded 2 times (x 72B)
Class org.jetbrains.kotlin.gradle.tasks.configuration.BaseKotlinCompileConfig$2       : loaded 2 times (x 79B)
Class org.jetbrains.kotlin.gradle.plugin.BuildFinishedListenerService$Companion$registerIfAbsent$2$1$1: loaded 2 times (x 75B)
Class com.google.common.collect.Maps$KeySet                                           : loaded 2 times (x 137B)
Class org.jetbrains.kotlin.gradle.plugin.mpp.InternalKotlinCompilation                : loaded 2 times (x 70B)
Class org.jetbrains.kotlin.gradle.plugin.AbstractKotlinJsPluginWrapper                : loaded 2 times (x 86B)
Class org.jetbrains.kotlin.gradle.plugin.KotlinPluginWrapperKt                        : loaded 2 times (x 71B)
Class com.google.common.cache.LocalCache$EntryFactory$7                               : loaded 2 times (x 83B)
Class com.google.common.collect.ImmutableSet$EmptySetBuilderImpl                      : loaded 2 times (x 76B)
Class com.google.common.collect.ImmutableList                                         : loaded 2 times (x 206B)
Class org.gradle.internal.service.DefaultServiceLocator                               : loaded 2 times (x 83B)
Class com.google.common.collect.Maps$EntrySet                                         : loaded 2 times (x 136B)
Class org.jetbrains.kotlin.gradle.tasks.KotlinCompile$scriptExtensions$1              : loaded 2 times (x 79B)
Class org.jetbrains.kotlin.gradle.tasks.K2MultiplatformStructure$Fragment             : loaded 2 times (x 72B)
Class org.jetbrains.kotlin.compilerRunner.CompilerSystemPropertiesService$Companion$registerIfAbsent$1: loaded 2 times (x 75B)
Class org.jetbrains.kotlin.util.capitalizeDecapitalize.CapitalizeDecapitalizeKt       : loaded 2 times (x 71B)
Class org.jetbrains.kotlin.gradle.plugin.diagnostics.checkers.AndroidPluginWithoutAndroidTargetChecker: loaded 2 times (x 74B)
Class org.jetbrains.kotlin.statistics.metrics.NumberOverridePolicy                    : loaded 2 times (x 85B)
Class org.jetbrains.kotlin.statistics.metrics.StringAnonymizationPolicy$AllowedListAnonymizer$Companion: loaded 2 times (x 71B)
Class org.jetbrains.kotlin.gradle.plugin.internal.ProjectIsolationStartParameterAccessorKt: loaded 2 times (x 71B)
Class org.jetbrains.kotlin.gradle.testing.internal.KotlinTestsRegistry                : loaded 2 times (x 72B)
Class com.google.common.cache.LocalCache$EntryFactory$8                               : loaded 2 times (x 83B)
Class com.google.common.collect.ImmutableSet$SetBuilderImpl                           : loaded 2 times (x 76B)
Class org.gradle.internal.installation.CurrentGradleInstallation                      : loaded 2 times (x 73B)
Class org.jetbrains.kotlin.gradle.tasks.KotlinCompilerExecutionStrategy               : loaded 2 times (x 79B)
Class org.jetbrains.kotlin.gradle.plugin.mpp.InternalKotlinCompilationKt$awaitAllKotlinSourceSets$1: loaded 2 times (x 88B)
Class org.jetbrains.kotlin.gradle.plugin.sources.DefaultKotlinSourceSet$special$$inlined$Iterable$1: loaded 2 times (x 79B)
Class org.jetbrains.kotlin.gradle.plugin.mpp.compilationImpl.factory.KotlinCompilationImplFactory$KotlinCompilerOptionsFactory$Options: loaded 2 times (x 72B)
Class org.jetbrains.kotlin.gradle.plugin.KotlinCompilation                            : loaded 2 times (x 70B)
Class org.jetbrains.kotlin.gradle.plugin.KotlinTargetConfiguratorKt                   : loaded 2 times (x 71B)
Class org.jetbrains.kotlin.tooling.core.Extras$Type$Companion                         : loaded 2 times (x 71B)
Class com.google.common.cache.CacheLoader$1                                           : loaded 2 times (x 75B)
Class com.google.common.collect.ImmutableList$SubList                                 : loaded 2 times (x 208B)
Class org.gradle.util.internal.GUtil                                                  : loaded 2 times (x 71B)
Class com.google.common.io.ByteSource                                                 : loaded 2 times (x 84B)
Class org.jetbrains.kotlin.gradle.plugin.mpp.InternalKotlinTargetKt$isSourcesPublishableFuture$2: loaded 2 times (x 95B)
Class org.jetbrains.kotlin.gradle.plugin.mpp.KotlinCompilationFactory                 : loaded 2 times (x 70B)
Class org.jetbrains.kotlin.gradle.dsl.IosSourceSetConventionChecker$runChecks$1       : loaded 2 times (x 88B)
Class org.jetbrains.kotlin.gradle.plugin.mpp.AbstractKotlinCompilation                : loaded 2 times (x 191B)
Class org.jetbrains.kotlin.gradle.plugin.diagnostics.checkers.UnusedSourceSetsChecker : loaded 2 times (x 74B)
Class org.jetbrains.kotlin.gradle.utils.Future                                        : loaded 2 times (x 70B)
Class org.jetbrains.kotlin.gradle.plugin.BuildFinishFlowAction$Parameters             : loaded 2 times (x 70B)
Class com.google.common.util.concurrent.AbstractFuture$SetFuture                      : loaded 2 times (x 75B)
Class com.google.common.cache.AbstractCache$StatsCounter                              : loaded 2 times (x 70B)
Class org.jetbrains.kotlin.gradle.plugin.mpp.KotlinTargetSoftwareComponentImplKt      : loaded 2 times (x 71B)
Class org.jetbrains.kotlin.gradle.targets.js.dsl.KotlinJsSubTargetContainerDsl        : loaded 2 times (x 70B)
Class org.jetbrains.kotlin.tooling.core.MutableExtrasImpl$Companion                   : loaded 2 times (x 71B)
Class org.jetbrains.kotlin.gradle.plugin.KotlinGradleBuildServices$Companion$registerIfAbsent$1: loaded 2 times (x 75B)
Class org.jetbrains.kotlin.statistics.fileloggers.MetricsContainer                    : loaded 2 times (x 77B)
Class org.jetbrains.kotlin.gradle.plugin.internal.ProjectIsolationStartParameterAccessor: loaded 2 times (x 70B)
Class com.google.common.collect.Iterators$MergingIterator                             : loaded 2 times (x 81B)
Class com.google.common.collect.RegularImmutableSet                                   : loaded 2 times (x 148B)
Class org.gradle.internal.installation.GradleInstallation                             : loaded 2 times (x 75B)
Class org.jetbrains.kotlin.gradle.dsl.KotlinJvmCompile$DefaultImpls                   : loaded 2 times (x 71B)
Class org.jetbrains.kotlin.gradle.plugin.mpp.compilationImpl.factory.KotlinCompilationImplFactory$create$1: loaded 2 times (x 75B)
Class com.google.common.collect.ElementTypesAreNonnullByDefault                       : loaded 2 times (x 70B)
Class org.jetbrains.kotlin.gradle.tasks.KotlinJavaToolchain                           : loaded 2 times (x 70B)
Class org.jetbrains.kotlin.gradle.plugin.BuildFinishFlowAction                        : loaded 2 times (x 74B)
Class org.jetbrains.kotlin.statistics.metrics.BooleanMetrics$Companion                : loaded 2 times (x 71B)
Class org.jetbrains.kotlin.gradle.plugin.internal.CompatibilityConventionRegistrar    : loaded 2 times (x 70B)
Class com.google.common.collect.Iterables                                             : loaded 2 times (x 71B)
Class com.google.common.base.Splitter$Strategy                                        : loaded 2 times (x 70B)
Class org.jetbrains.kotlin.gradle.plugin.mpp.KotlinJvmCompilation                     : loaded 2 times (x 200B)
Class org.jetbrains.kotlin.gradle.plugin.KotlinCompilation$Companion                  : loaded 2 times (x 71B)
Class org.jetbrains.kotlin.gradle.dsl.ToolchainSupport$Companion                      : loaded 2 times (x 71B)
Class org.jetbrains.kotlin.gradle.plugin.KotlinSourceSet                              : loaded 2 times (x 70B)

---------------  S Y S T E M  ---------------

OS:
 Windows 11 , 64 bit Build 26100 (10.0.26100.5074)
OS uptime: 2 days 14:35 hours
Hyper-V role detected

CPU: total 4 (initial active 4) (2 cores per cpu, 2 threads per core) family 6 model 140 stepping 2 microcode 0x26, cx8, cmov, fxsr, ht, mmx, 3dnowpref, sse, sse2, sse3, ssse3, sse4.1, sse4.2, popcnt, lzcnt, tsc, tscinvbit, avx, avx2, aes, erms, clmul, bmi1, bmi2, adx, avx512f, avx512dq, avx512cd, avx512bw, avx512vl, sha, fma, vzeroupper, avx512_vpopcntdq, avx512_vpclmulqdq, avx512_vaes, avx512_vnni, clflush, clflushopt, clwb, avx512_vbmi2, avx512_vbmi, hv, rdtscp, rdpid, fsrm, gfni, avx512_bitalg, f16c, cet_ibt, cet_ss, avx512_ifma
Processor Information for the first 4 processors :
  Max Mhz: 2995, Current Mhz: 2995, Mhz Limit: 2995

Memory: 4k page, system-wide physical 7975M (619M free)
TotalPageFile size 32551M (AvailPageFile size 346M)
current process WorkingSet (physical memory assigned to process): 1520M, peak: 1626M
current process commit charge ("private bytes"): 2873M, peak: 2877M

vm_info: OpenJDK 64-Bit Server VM (21.0.8+-14018985-b1038.68) for windows-amd64 JRE (21.0.8+-14018985-b1038.68), built on 2025-08-29T19:56:34Z by "builder" with MS VC++ 16.10 / 16.11 (VS2019)

END.
